global_id;status;Contract;completed;notСompleted;Name;INN;SubjectOfSmallBusiness;government
2612803258;1;55;55;0;ОБЩЕСТВО С ОГРАНИЧЕННОЙ ОТВЕТСТВЕННОСТЬЮ МЕЖДУНАРОДНЫЙ КОНСАЛТИНГОВЫЙ ЦЕНТР;7727591609;1;0
2612803260;0;7;3;4;Общество с ограниченной ответственностью КВЕСТ;7720426250;0;0
2612803262;0;5;2;3;ОБЩЕСТВО С ОГРАНИЧЕННОЙ ОТВЕТСТВЕННОСТЬЮ КОРПОРАЦИЯ ЛЕСТНИЦ;5053046400;1;0
2612803263;0;1;0;1;ОБЩЕСТВО С ОГРАНИЧЕННОЙ ОТВЕТСТВЕННОСТЬЮ МЕДКОМЭКСПОТОРГ;1657136391;1;0
2612803264;0;1;0;1;Общество с ограниченной ответственностью КБК Систем;7709911486;0;0
2612803267;0;10;3;7;Автономная некоммерческая организация «Центр детскоюношеского творчества «Развитие»;6234991870;0;0
2612803270;0;7;3;4;ОБЩЕСТВО С ОГРАНИЧЕННОЙ ОТВЕТСТВЕННОСТЬЮ ТЕКСТУРА;7720379106;1;0
2612803271;0;1;0;1;АКЦИОНЕРНОЕ ОБЩЕСТВО АЯКС ИНЖИНИРИНГ;7706736733;1;0
2612803272;0;7;3;4;Общество с ограниченной ответственностью «МЕДЭКС»;9715230986;0;0
2612803274;0;1;0;1;Общества с ограниченной ответственностью ЗЕВС;7734412850;0;0
2612803275;0;7;3;4;Общества с ограниченной ответственностьюТК Астра;7736540135;1;0
2612803276;0;5;2;3;ОБЩЕСТВО С ОГРАНИЧЕННОЙ ОТВЕТСТВЕННОСТЬЮ ЛОГИСТИКАСЕРВИС;7714133721;1;0
2612803277;0;10;3;7;Общество с ограниченной ответственностью «Лайв Нэйшн»;7730636190;1;0
2612803278;0;1;0;1;ОБЩЕСТВО С ОГРАНИЧЕННОЙ ОТВЕТСТВЕННОСТЬЮ ЛУКРАСТРОЙ;5024142229;1;0
2612803279;0;5;2;4;ООО «Артспейс Групп»;7723404713;0;0
2612803282;0;7;3;4;ОБЩЕСТВО С ОГРАНИЧЕННОЙ ОТВЕТСТВЕННОСТЬЮ РУСЬСТРОЙКОМФОРТ;7734584169;1;0
2612803286;0;5;2;3;ОБЩЕСТВО С ОГРАНИЧЕННОЙ ОТВЕТСТВЕННОСТЬЮ МСП;7715998870;1;0
2612803287;0;1;0;1;ОБЩЕСТВО С ОГРАНИЧЕННОЙ ОТВЕТСТВЕННОСТЬЮ МОСГИПРОСТРОЙ;7703714837;1;0
2612803289;0;1;0;1;Общество с ограниченной ответственностью ЭЛДИС;5036130588;1;0
2612803290;0;10;3;7;ООО ПКЦ ТУРЛЮКС;7724154079;1;0
2612803291;0;5;2;3;АВТОНОМНАЯ НЕКОММЕРЧЕСКАЯ ОРГАНИЗАЦИЯ ЦЕНТР СПОРТИВНОДОСУГОВОГО ОБРАЗОВАНИЯ;7722400360;0;0
2612803292;0;7;3;4;Общество с ограниченной ответственностью «Цирковое агентство Лебедева»;7729488861;1;0
2612803293;0;5;2;3;Общество с ограниченной ответственностью Семейная стоматология;7723746594;0;0
2612803295;0;1;0;1;Общество с ограниченной ответственностью «ОтАдоЯ»;5407233216;1;0
2612803296;0;1;0;1;ОБЩЕСТВО С ОГРАНИЧЕННОЙ ОТВЕТСТВЕННОСТЬЮ СТБ ИНЖИНИРИНГ;5041204080;1;0
2612803298;1;53;53;0;Общества с ограниченной ответственностью МОСАРМСТРОЙ;7721747384;0;0
2612803299;1;15;15;0;ОБЩЕСТВО С ОГРАНИЧЕННОЙ ОТВЕТСТВЕННОСТЬЮ КМ;7610126448;1;0
2612803304;1;60;57;3;ОБЩЕСТВО С ОГРАНИЧЕННОЙ ОТВЕТСТВЕННОСТЬЮ ГОРИЗОНТ;9717069429;1;0
2612803305;1;27;27;0;Общество с ограниченной ответственностью ПК Групп;7708818766;1;0
2612803306;1;36;36;0;ОБЩЕСТВО С ОГРАНИЧЕННОЙ ОТВЕТСТВЕННОСТЬЮ АЙТИ ГРУПП;7716901665;1;0
2612803307;1;58;55;3;ООО Облком;5048036808;1;0
2612803308;1;4;4;0;ООО КАСТЛ АРТ;7716799965;1;0
2612803309;1;26;26;0;ОБЩЕСТВО С ОГРАНИЧЕННОЙ ОТВЕТСТВЕННОСТЬЮ АРТМОНТАЖНИК;7717286356;1;0
2612803313;1;67;64;3;ОБЩЕСТВО С ОГРАНИЧЕННОЙ ОТВЕТСТВЕННОСТЬЮ ПРОИЗВОДСТВЕННОКОММЕРЧЕСКОЕ ПРЕДПРИЯТИЕ КРОСС;3328408100;1;0
2612803314;1;15;15;0;Государственное автономное учреждение культуры Республики Татарстан «Государственный симфонический оркестр Республики Татарстан»;1655206886;0;1
2612803316;1;42;42;0;ООО АЙТИКОМ;7709461195;0;0
2612803317;1;63;60;3;Aкционерное общество «Русская телефонная компания»;7811038865;1;0
2612803319;1;52;52;0;ОБЩЕСТВО С ОГРАНИЧЕННОЙ ОТВЕТСТВЕННОСТЬЮ СТИЛЬСТОЛИЦА;7721182550;1;0
2612803323;1;18;18;0;АО ТОК СУДАК;9108009735;0;0
2612803324;1;27;27;0;ОБЩЕСТВО С ОГРАНИЧЕННОЙ ОТВЕТСТВЕННОСТЬЮ ОПТОВИК;5003121450;1;0
2612803325;1;34;34;0;Общество с ограниченной ответственностью КОСТАГРУПП;5836664275;1;0
2612803328;1;35;35;0;Общество с ограниченной ответственностью «АэроДом»;7723901987;0;0
2612803330;1;14;14;0;ОБЩЕСТВО С ОГРАНИЧЕННОЙ ОТВЕТСТВЕННОСТЬЮ МУЛЬТИМЕДИА ВИДЕОСИСТЕМЫ;6658474265;1;0
2612803331;1;9;9;0;ОБЩЕСТВО С ОГРАНИЧЕННОЙ ОТВЕТСТВЕННОСТЬЮ ДОРСТРОЙ ГАРАНТ;7714406961;1;0
2612803333;1;61;58;3;ОБЩЕСТВО С ОГРАНИЧЕННОЙ ОТВЕТСТВЕННОСТЬЮ СТАНДАРТСТРОЙ;7729790092;0;0
2612803335;1;16;16;0;ФГУП НПЦАП;7728171283;0;1
2612803336;1;6;6;0;Общество с ограниченной ответственностью Управляющая компания Транзит;3526018302;1;0
2612803339;1;63;60;3;Общество с ограниченной ответственностью ПТОПТС;5041022901;1;0
2612803340;1;25;25;0;Общество с ограниченной ответственностью СТК ГЕРД;5044112173;0;0
2612803342;1;9;9;0;Общество с ограниченной ответственностью ЖилСтройКомфорт;7708245917;0;0
2612803343;1;48;48;0;ОБЩЕСТВО С ОГРАНИЧЕННОЙ ОТВЕТСТВЕННОСТЬЮ ВЕКТОР ГРУПП;7715777990;1;0
2612803347;1;52;52;0;ОБЩЕСТВО С ОГРАНИЧЕННОЙ ОТВЕТСТВЕННОСТЬЮ Неолит Арт;7727212762;1;0
2612803349;1;57;57;0;Общество с ограниченной ответственностью «Лаванда»;7729719580;1;0
2612803351;1;28;28;0;ОБЩЕСТВО С ОГРАНИЧЕННОЙ ОТВЕТСТВЕННОСТЬЮ МОЛЬГАО;7728570802;1;0
2612803355;1;5;4;1;ОБЩЕСТВО С ОГРАНИЧЕННОЙ ОТВЕТСТВЕННОСТЬЮ КОМПАНИЯ ГРАФФ;7715438317;1;0
2612803356;1;11;11;0;ОБЩЕСТВО С ОГРАНИЧЕННОЙ ОТВЕТСТВЕННОСТЬЮ МЕДИЦИНСКИЙ ЦЕНТР МАРИЯМЕД;7714856456;1;0
2612803357;1;64;61;3;Общество с ограниченной ответственностью «МДА ГРУПП»;9705048135;1;0
2612803358;1;34;34;0;Общество с ограниченной ответственностью ГЕОСТАНДАРТ;7704864257;1;0
2612803359;1;34;34;0;Общество с ограниченной ответственностью «Лачес»;7814683542;0;0
2612803360;1;23;23;0;ОБЩЕСТВО С ОГРАНИЧЕННОЙ ОТВЕТСТВЕННОСТЬЮ ТД ИНЛАЙТ;7106081179;1;0
2612803363;1;39;39;0;ОБЩЕСТВО С ОГРАНИЧЕННОЙ ОТВЕТСТВЕННОСТЬЮ ТК СЛАВА;5029223810;1;0
2612803364;1;30;30;0;Общество с ограниченной ответственностью ТРАНТОР;7704537718;1;0
2612803366;1;59;56;3;ОБЩЕСТВО С ОГРАНИЧЕННОЙ ОТВЕТСТВЕННОСТЬЮ «ИНТЕРСТРОЙ»;7724299885;1;0
2612803367;1;30;30;0;ОБЩЕСТВО С ОГРАНИЧЕННОЙ ОТВЕТСТВЕННОСТЬЮ СЕВЕРЮГ;5030084279;1;0
2612803371;1;27;27;0;ОБЩЕСТВО С ОГРАНИЧЕННОЙ ОТВЕТСТВЕННОСТЬЮ АЛТЕРРА;7716912610;1;0
2612803373;1;47;47;0;ОБЩЕСТВО С ОГРАНИЧЕННОЙ ОТВЕТСТВЕННОСТЬЮ ОФИС КЛИНИНГ;5042138465;1;0
2612803378;1;18;18;0;Общество с ограниченной ответственностью КОРПОРАТИВНЫЙ СЕРВИС;7716795537;1;0
2612803381;1;62;59;3;ОБЩЕСТВО С ОГРАНИЧЕННОЙ ОТВЕТСТВЕННОСТЬЮ РЕМОНТ И КАПИТАЛЬНОЕ СТРОИТЕЛЬСТВО;7727183078;0;0
2612803383;1;21;21;0;ООО ТВФАРМ;7727306869;1;0
2612803384;1;16;16;0;ТОВАРИЩЕСТВО СОБСТВЕННИКОВ ЖИЛЬЯ ПАНФЕРОВА 72;7736570813;0;0
2612803386;1;70;67;3;ОБЩЕСТВО С ОГРАНИЧЕННОЙ ОТВЕТСТВЕННОСТЬЮ ЭНЕРГИЯ ОПТИМУМ;7710944863;1;0
2612803387;1;49;49;0;ОБЩЕСТВО С ОГРАНИЧЕННОЙ ОТВЕТСТВЕННОСТЬЮ ОГНЕЗА;7734657410;1;0
2612803388;1;50;50;0;ООО НТ;3518009791;1;0
2612803391;1;56;56;0;АКЦИОНЕРНОЕ ОБЩЕСТВО НАУЧНОПРОИЗВОДСТВЕННЫЙ ЦЕНТР СРЕДСТВА СПАСЕНИЯ;7731179130;1;0
2612803394;1;1;1;0;Общество с ограниченной ответственностью Строительная компания «Белый дом»;7730187570;0;0
2612803395;1;29;29;0;ТОВАРИЩЕСТВО СОБСТВЕННИКОВ ЖИЛЬЯ НИАГАРА;7736218256;0;0
2612803396;1;34;34;0;ОБЩЕСТВО С ОГРАНИЧЕННОЙ ОТВЕТСТВЕННОСТЬЮ 7 ПОЛОК;7718699324;1;0
2612803398;1;67;64;3;ОБЩЕСТВО С ОГРАНИЧЕННОЙ ОТВЕТСТВЕННОСТЬЮ АЛЬБЕДО;7714802531;1;0
2612803399;1;32;32;0;ОБЩЕСТВО С ОГРАНИЧЕННОЙ ОТВЕТСТВЕННОСТЬЮ РЕМОНТНОСТРОИТЕЛЬНОЕ УПРАВЛЕНИЕ №2 САО;7743066597;1;0
2612803402;1;22;22;0;ОБЩЕСТВО С ОГРАНИЧЕННОЙ ОТВЕТСТВЕННОСТЬЮСМУ306 ЮГ;7733810538;1;0
2612803404;1;30;30;0;ОБЩЕСТВО С ОГРАНИЧЕННОЙ ОТВЕТСТВЕННОСТЬЮ СПЕЦФУНДАМЕНТСТРОЙ;5040117389;1;0
2612803410;1;68;65;3;Общество с ограниченной ответственностью ДелоДел;7743949659;1;0
2612803413;1;64;61;3;ОБЩЕСТВО С ОГРАНИЧЕННОЙ ОТВЕТСТВЕННОСТЬЮ МЕДИЦИНСКИЕ ТЕХНОЛОГИИ И ИННОВАЦИИ;7733328860;1;0
2612803416;1;56;56;0;ОБЩЕСТВО С ОГРАНИЧЕННОЙ ОТВЕТСТВЕННОСТЬЮ АЛЕКС ГРУПП ЛТД;7716905050;0;0
2612803417;1;8;8;0;ОБЩЕСТВО С ОГРАНИЧЕННОЙ ОТВЕТСТВЕННОСТЬЮ АКТИВНЫЕ ФИНАНСОВЫЕ ТЕХНОЛОГИИ;7743875686;1;0
2612803419;1;42;42;0;Общество с ограниченной ответственностью Проектное бюро Город;5612086317;1;0
2612803420;1;25;25;0;ОБЩЕСТВО С ОГРАНИЧЕННОЙ ОТВЕТСТВЕННОСТЬЮ ВССЕРВИС;7731319349;1;0
2612803421;1;37;37;0;ООО Заказстрой;264065723;0;0
2612803424;1;64;61;3;Общество с ограниченной ответственностью ЭЛИТ ИВЕНТ;9701074078;1;0
2612803427;1;9;9;0;Общество с ограниченной ответственностью ЭНДЕВЕР;7716912762;0;0
2612803429;1;28;28;0;ОБЩЕСТВО С ОГРАНИЧЕННОЙ ОТВЕТСТВЕННОСТЬЮ БРОДВЕЙ;7704869199;1;0
2612803430;1;27;27;0;АВТОНОМНАЯ НЕКОММЕРЧЕСКАЯ ОРГАНИЗАЦИЯ ЦЕНТР СЕРТИФИКАЦИИ, ИСПЫТАНИЙ И ЭКСПЕРТИЗЫ ТЕСТ СЕРТИФИКАТ;7728544256;0;0
2612803433;1;17;17;0;ОБЩЕСТВО С ОГРАНИЧЕННОЙ ОТВЕТСТВЕННОСТЬЮ ИНФОТЕХ;9710051535;1;0
2612803434;1;60;57;3;ЗАКРЫТОЕ АКЦИОНЕРНОЕ ОБЩЕСТВО ЛОММЕТА РИСАЙКЛИНГ;5405217441;1;0
2612803436;1;60;57;3;Общество с ограниченной ответственностью «ЭнергоСтройКонсалтинг»;7721828636;0;0
2612803441;1;45;45;0;ОБЩЕСТВО С ОГРАНИЧЕННОЙ ОТВЕТСТВЕННОСТЬЮ ЮНИВЕРС;7705496334;1;0
2612803442;1;9;9;0;АКЦИОНЕРНОЕ ОБЩЕСТВО «Т-ИНФОРМ»;7728793823;1;0
2612803444;1;68;65;3;Энергосбыт ОАО Мосэнерго СевероЗападное отделение;7705035012;0;0
2612803445;1;35;35;0;Общество с ограниченной ответственностью «МЕГУК»;7722158871;0;0
2612803449;1;46;46;0;Общество с Ограниченной Ответственностью Вертикаль;7734739824;1;0
2612803452;1;56;56;0;ОБЩЕСТВО С ОГРАНИЧЕННОЙ ОТВЕТСТВЕННОСТЬЮ МЕДКОМИССИЯ;7734579761;1;0
2612803455;1;48;48;0;ОБЩЕСТВО С ОГРАНИЧЕННОЙ ОТВЕТСТВЕННОСТЬЮ ФАБРИКА СПЕЦИАЛЬНЫХ МАТЕРИАЛОВ;7806529900;1;0
2612803456;1;44;44;0;ООО ТехПроект;7723650765;1;0
2612803458;1;64;61;3;ОБЩЕСТВО С ОГРАНИЧЕННОЙ ОТВЕТСТВЕННОСТЬЮ КОМПАНИЯ ФОРМА ГРУПП;7727836591;1;0
2612803459;1;25;25;0;ОБЩЕСТВО С ОГРАНИЧЕННОЙ ОТВЕТСТВЕННОСТЬЮ БИЗНЕСЛЮКС;7723821682;0;0
2612803463;1;38;38;0;ОБЩЕСТВО С ОГРАНИЧЕННОЙ ОТВЕТСТВЕННОСТЬЮ РУСНАНОМЕД;7718286775;1;0
2612803465;1;54;54;0;ОБЩЕСТВО С ОГРАНИЧЕННОЙ ОТВЕТСТВЕННОСТЬЮ ГРИНВЕСТ;7709682469;1;0
2612803467;1;16;16;0;ОБЩЕСТВО С ОГРАНИЧЕННОЙ ОТВЕТСТВЕННОСТЬЮ ФАРМТЕХНОЛОГИИ;7203319638;1;0
2612803469;1;48;48;0;Общество с ограниченной ответственностью БПРОФФ;7704318113;0;0
2612803472;1;3;3;0;Общество с ограниченной ответственностью «Абрера Мотор»;7713738210;1;0
2612803475;1;42;42;0;ОБЩЕСТВО С ОГРАНИЧЕННОЙ ОТВЕТСТВЕННОСТЬЮАРДЕС ГРУПП;5256118593;1;0
2612803478;1;57;57;0;Общество с ограниченной ответственностью СПЕКТР;7705364955;0;0
2612803482;1;17;17;0;ФЕДЕРАЛЬНОЕ ГОСУДАРСТВЕННОЕ УНИТАРНОЕ ПРЕДПРИЯТИЕ ПРОИЗВОДСТВЕННОЕ ОБЪЕДИНЕНИЕ ОКТЯБРЬ;6612001971;0;1
2612803488;1;14;14;0;ОБЩЕСТВО С ОГРАНИЧЕННОЙ ОТВЕТСТВЕННОСТЬЮ ИНТЕХНЕВА;7811190764;1;0
2612803489;1;38;38;0;ОБЩЕСТВО С ОГРАНИЧЕННОЙ ОТВЕТСТВЕННОСТЬЮ СТРОЙБЕЗОПАСНОСТЬ;5024182140;1;0
2612803491;1;42;42;0;ОБЩЕСТВО С ОГРАНИЧЕННОЙ ОТВЕТСТВЕННОСТЬЮ ВИЛИТЕК;7722842457;1;0
2612803493;1;53;53;0;ОБЩЕСТВО С ОГРАНИЧЕННОЙ ОТВЕТСТВЕННОСТЬЮ НПЦ ПРОМЭНЕРГО;7704840619;1;0
2612803497;1;5;5;0;ООО ЦУ Ваш выбор;2130187459;1;0
2612803501;1;61;58;3;ОБЩЕСТВО С ОГРАНИЧЕННОЙ ОТВЕТСТВЕННОСТЬЮ НОВАТЭС;7734581672;1;0
2612803502;1;54;54;0;АКЦИОНЕРНОЕ ОБЩЕСТВО ЦДТ НА ЛЕНИНСКОМ;7729761197;0;0
2612803504;1;58;55;3;АКЦИОНЕРНОЕ ОБЩЕСТВО КОМПАНИЯ КОНСАУДИТМ;7716194896;1;0
2612803506;1;48;48;0;ОБЩЕСТВО С ОГРАНИЧЕННОЙ ОТВЕТСТВЕННОСТЬЮ НЕОТРЕЙД;9718101594;1;0
2612803507;1;70;67;3;Общества с ограниченной ответственностью С.Б.А. МЬЮЗИК ПАБЛИШИНГ;9701037397;0;0
2612803509;1;26;26;0;ОБЩЕСТВО С ОГРАНИЧЕННОЙ ОТВЕТСТВЕННОСТЬЮ ЭНЕРГИЯ;5029191251;1;0
2612803511;1;50;50;0;ОБЩЕСТВО С ОГРАНИЧЕННОЙ ОТВЕТСТВЕННОСТЬЮ ЗАВОД АВТОМОБИЛЬНЫХ ФУРГОНОВ;5244024189;1;0
2612803514;1;44;44;0;ОБЩЕСТВО С ОГРАНИЧЕННОЙ ОТВЕТСТВЕННОСТЬЮ МЕГАСТАР;7722623208;1;0
2612803516;1;3;3;0;ООО МЕДПОВЕРКА;7733237388;1;0
2612803519;1;46;46;0;ООО МВП;7704869583;1;0
2612803521;1;1;1;0;ОБЩЕСТВО С ОГРАНИЧЕННОЙ ОТВЕТСТВЕННОСТЬЮ РУМОЛ-К;7701902803;1;0
2612803526;1;69;66;3;ОБЩЕСТВО С ОГРАНИЧЕННОЙ ОТВЕТСТВЕННОСТЬЮ СК ПАРТНР НН;5260382551;1;0
2612803527;1;7;6;1;ОБЩЕСТВО С ОГРАНИЧЕННОЙ ОТВЕТСТВЕННОСТЬЮЭКРОН;7708201910;1;0
2612803530;1;5;5;0;ОБЩЕСТВО С ОГРАНИЧЕННОЙ ОТВЕТСТВЕННОСТЬЮ ИНТЕГРАЛ;7839080539;0;0
2612803531;1;56;56;0;Общество с ограниченной ответственностью Научнопроизводственное предприятие КИПКОНТРОЛЬ;7719214406;1;0
2612803540;1;17;17;0;ОБЩЕСТВО С ОГРАНИЧЕННОЙ ОТВЕТСТВЕННОСТЬЮ ЛАНИТ-ТЕРКОМ;7819035190;1;0
2612803541;1;4;4;0;ОБЩЕСТВО С ОГРАНИЧЕННОЙ ОТВЕТСТВЕННОСТЬЮ ГСП;6321344029;1;0
2612803542;1;16;16;0;ОБЩЕСТВО С ОГРАНИЧЕННОЙ ОТВЕТСТВЕННОСТЬЮ НАУЧНОПРОИЗВОДСТВЕННОЕ ПРЕДПРИЯТИЕ ТЕПЛОТЕХНИКА;265001553;1;0
2612803545;1;63;60;3;ОБЩЕСТВО С ОГРАНИЧЕННОЙ ОТВЕТСТВЕННОСТЬЮ СИРТА;9723047430;1;0
2612803546;1;57;57;0;ЗАКРЫТОЕ АКЦИОНЕРНОЕ ОБЩЕСТВО 2В СЕРВИС;7722701720;1;0
2612803555;1;44;44;0;Общество с ограниченной ответственностью «Пол и Холл Компани»;9717040645;1;0
2612803556;1;23;23;0;ОБЩЕСТВО С ОГРАНИЧЕННОЙ ОТВЕТСТВЕННОСТЬЮ ГЕОЛОГИЯ 21;7716704378;1;0
2612803557;1;25;25;0;ОБЩЕСТВО С ОГРАНИЧЕННОЙ ОТВЕТСТВЕННОСТЬЮ АБЗ ДОН;5009114900;0;0
2612803561;1;56;56;0;Общество с ограниченной ответственностью Автоматические системы;7726650570;1;0
2612803563;1;65;61;3;ОБЩЕСТВО С ОГРАНИЧЕННОЙ ОТВЕТСТВЕННОСТЬЮ ДЖЕТ ГРУПП ИНЖИНИРИНГ;9701111717;1;0
2612803566;1;6;6;0;ОБЩЕСТВО С ОГРАНИЧЕННОЙ ОТВЕТСТВЕННОСТЬЮ ГОРОДСКОЕ КАДАСТРОВОЕ БЮРО;7703775290;1;0
2612803567;1;58;55;3;ОБЩЕСТВО С ОГРАНИЧЕННОЙ ОТВЕТСТВЕННОСТЬЮ РОНА СЕРВИС;5029158078;1;0
2612803572;1;31;31;0;МЕДИЦИНСКИЙ ФОНД МЕДСАНЧАСТЬ №1 АМО ЗИЛ;7725068256;0;0
2612803574;1;46;46;0;ОБЩЕСТВО С ОГРАНИЧЕННОЙ ОТВЕТСТВЕННОСТЬЮ ИНЖЕНЕРНЫЙ ЦЕНТР ПОЖАРНОЙ И ПРОМЫШЛЕННОЙ БЕЗОПАСНОСТИ;7447223779;1;0
2612803575;1;37;37;0;ОБЩЕСТВО С ОГРАНИЧЕННОЙ ОТВЕТСТВЕННОСТЬЮ НАУЧНОПРОИЗВОДСТВЕННОЕ ПРЕДПРИЯТИЕ ЛАЗМА;7714026945;1;0
2612803576;1;63;60;3;ОБЩЕСТВО С ОГРАНИЧЕННОЙ ОТВЕТСТВЕННОСТЬЮ ТАХОГРАФ МСК;7716863956;1;0
2612803580;1;67;64;3;Общество с ограниченной ответственностью «Двери Эксперт»;7805652957;1;0
2612803586;1;70;67;3;Общество с ограниченной ответственностью СТЕЛС;7714802370;1;0
2612803587;1;48;48;0;ОБЩЕСТВО С ОГРАНИЧЕННОЙ ОТВЕТСТВЕННОСТЬЮ НАУЧНЫЕ РАЗВЛЕЧЕНИЯ;7724614449;1;0
2612803589;1;33;33;0;ООО ВКО;7327068899;1;0
2612803590;1;26;26;0;ОБЩЕСТВО С ОГРАНИЧЕННОЙ ОТВЕТСТВЕННОСТЬЮ АМ ТРЕЙД;7723475552;1;0
2612803592;1;61;58;3;Общество с ограниченной ответственностью Гамма;7722329076;1;0
2612803595;1;43;43;0;ОБЩЕСТВО С ОГРАНИЧЕННОЙ ОТВЕТСТВЕННОСТЬЮ ПОРТЕР;7718861376;1;0
2612803596;1;16;16;0;ОБЩЕСТВО С ОГРАНИЧЕННОЙ ОТВЕТСТВЕННОСТЬЮ ТРАНСПОРТНО СТРОИТЕЛЬНАЯ КОМПАНИЯ ЕДИНСТВО;7729455785;1;0
2612803598;1;48;48;0;ОБЩЕСТВО С ОГРАНИЧЕННОЙ ОТВЕТСТВЕННОСТЬЮ АРКАДАСТРОЙСИТИ;7719478247;1;0
2612803600;1;48;48;0;ОБЩЕСТВО С ОГРАНИЧЕННОЙ ОТВЕТСТВЕННОСТЬЮ АСКЛИМАТ;7727750217;1;0
2612803601;1;33;33;0;Общество с ограниченной ответственностью Корпорация Част Инвест;7701355205;1;0
2612803605;1;29;29;0;Общество с ограниченной ответственностью ПостметР;7725767198;1;0
2612803607;1;58;55;3;ОБЩЕСТВО С ОГРАНИЧЕННОЙ ОТВЕТСТВЕННОСТЬЮ АКСЕЛЬ;7707392394;1;0
2612803612;1;19;19;0;ООО ГАНИМЕД СБ;6452913600;1;0
2612803615;1;30;30;0;Федеративный Союз инвентаризаторов России;7701106103;0;0
2612803616;1;23;23;0;ООО РИПХОЛДИНГ;7704303036;0;0
2612803619;1;23;23;0;Общество с ограниченной ответственностью «Роза мира»;7716892410;0;0
2612803620;1;34;34;0;ОБЩЕСТВО С ОГРАНИЧЕННОЙ ОТВЕТСТВЕННОСТЬЮ ОКОННЫЙ ЛЕГИОН;5027217867;1;0
2612803621;1;42;42;0;Общество с ограниченной ответственностью ВАШ ЛОТ;7725292040;0;0
2612803622;1;42;42;0;ОБЩЕСТВО С ОГРАНИЧЕННОЙ ОТВЕТСТВЕННОСТЬЮ ДИАДЕЛ;7722852977;1;0
2612803623;1;2;1;1;Общество с ограниченной ответственностью Комплектстройсервис;2465216782;0;0
2612803627;1;10;10;0;ОБЩЕСТВО С ОГРАНИЧЕННОЙ ОТВЕТСТВЕННОСТЬЮ ФАРМПУЛЬС;3906361192;1;0
2612803629;1;56;56;0;ОБЩЕСТВО С ОГРАНИЧЕННОЙ ОТВЕТСТВЕННОСТЬЮ ТЕХНОГАЗСЕРВИС;7725494423;1;0
2612803631;1;17;17;0;АКЦИОНЕРНОЕ ОБЩЕСТВО ИНЖЕНЕРНОНАУЧНЫЙ ЦЕНТР ТЭМП;7728040153;1;0
2612803632;1;67;64;3;ОБЩЕСТВО С ОГРАНИЧЕННОЙ ОТВЕТСТВЕННОСТЬЮ 47 ЦЕНТРАЛЬНЫЙ ПРОЕКТНОИЗЫСКАТЕЛЬСКИЙ ИНСТИТУТ;7717800733;0;0
2612803634;1;9;9;0;ООО СВОТ КОМПАНИ;7716677580;1;0
2612803635;1;12;12;0;Общество с ограниченной ответственностью Институт негосударственной экспертизы;1660115602;1;0
2612803636;1;29;29;0;ОБЩЕСТВО С ОГРАНИЧЕННОЙ ОТВЕТСТВЕННОСТЬЮ КОНТИНЕНТ;3328004241;1;0
2612803638;1;57;57;0;ОБЩЕСТВО С ОГРАНИЧЕННОЙ ОТВЕТСТВЕННОСТЬЮ АМТ;7735161818;1;0
2612803639;1;19;19;0;ОБЩЕСТВО С ОГРАНИЧЕННОЙ ОТВЕТСТВЕННОСТЬЮ АССОЦИАЦИЯ ТРАНСПОРТНОКОНТЕЙНЕРНЫХ СЕРВИСОВ;7806246570;1;0
2612803640;1;18;18;0;ОБЩЕСТВО С ОГРАНИЧЕННОЙ ОТВЕТСТВЕННОСТЬЮ УКЛАД;5030084159;1;0
2612803642;1;35;35;0;ОБЩЕСТВО С ОГРАНИЧЕННОЙ ОТВЕТСТВЕННОСТЬЮ НИЖЕГОРОДСКИЙ ПРАЗДНИК;5260074211;1;0
2612803643;1;58;55;3;ОБЩЕСТВО С ОГРАНИЧЕННОЙ ОТВЕТСТВЕННОСТЬЮ ГЕОЭКОАЛЬЯНС;7716831880;1;0
2612803645;1;58;55;3;ОБЩЕСТВО С ОГРАНИЧЕННОЙ ОТВЕТСТВЕННОСТЬЮ ХИМИКОФАРМАЦЕВТИЧЕСКАЯ КОМПАНИЯ АВРОРА;7708256080;1;0
2612803648;1;36;36;0;ОБЩЕСТВО С ОГРАНИЧЕННОЙ ОТВЕТСТВЕННОСТЬЮ САФИТА;5012059520;1;0
2612803650;1;49;49;0;Общество с ограниченной ответственностью НЭРа;2466247230;0;0
2612803652;1;54;54;0;Общество с ограниченной ответственностью Хозторг;7726580259;0;0
2612803655;1;44;44;0;ОБЩЕСТВО С ОГРАНИЧЕННОЙ ОТВЕТСТВЕННОСТЬЮ ДЕНРУС;5047200501;1;0
2612803659;1;38;38;0;ОБЩЕСТВО С ОГРАНИЧЕННОЙ ОТВЕТСТВЕННОСТЬЮ МЕЛЛОР ТЕХНОЛОДЖИ;7720825738;1;0
2612803664;1;59;56;3;Общество с ограниченной ответственностью Агенство по развитию информационных коммуникаций Прайм Тайм;7714396833;1;0
2612803665;1;10;10;0;ОБЩЕСТВО С ОГРАНИЧЕННОЙ ОТВЕТСТВЕННОСТЬЮ ВАВИЛОН;7725381885;1;0
2612803667;1;55;55;0;Общество с ограниченной ответственностью Фирма ФБАСервис;7735060400;1;0
2612803674;1;2;2;0;Общество с ограниченной ответственностью «АксиоСофт»;7725604235;1;0
2612803679;1;29;29;0;Общества с ограниченной ответственностью ГМС ИНЖИНИРИНГ;7734405980;0;0
2612803684;1;32;32;0;Общество с ограниченной ответственностью «ТД Интемс»;7735150573;1;0
2612803686;1;46;46;0;Общество с ограниченной ответственностью «Универс Консалтинг»;7703635751;1;0
2612803689;1;41;41;0;ОБЩЕСТВО С ОГРАНИЧЕННОЙ ОТВЕТСТВЕННОСТЬЮ НТЦ ДИАМОНД;7720196889;1;0
2612803693;1;39;39;0;Некоммерческое партнерство «Национальная студенческая футбольная лига»;7705125153;0;0
2612803697;1;58;55;3;Общество с ограниченной ответственностью «Ирс»;7707391672;1;0
2612803699;1;59;56;3;ОБЩЕСТВО С ОГРАНИЧЕННОЙ ОТВЕТСТВЕННОСТЬЮ ИНТУИШН;7703761160;1;0
2612803702;1;12;12;0;ОБЩЕСТВО С ОГРАНИЧЕННОЙ ОТВЕТСТВЕННОСТЬЮ ФИЛИМОНОВСКАЯ ИГРУШКА;7131500169;1;0
2612803703;1;50;50;0;ОБЩЕСТВО С ОГРАНИЧЕННОЙ ОТВЕТСТВЕННОСТЬЮ ТРЕЙДСЕРВИС;5050126008;1;0
2612803704;1;36;36;0;Общество с ограниченной ответственностью «Сандимакс Север»;7724309565;1;0
2612803707;1;10;10;0;ОБЩЕСТВО С ОГРАНИЧЕННОЙ ОТВЕТСТВЕННОСТЬЮ ГОССНАБРЕЗЕРВ;5029177338;1;0
2612803709;1;15;15;0;ОБЩЕСТВО С ОГРАНИЧЕННОЙ ОТВЕТСТВЕННОСТЬЮ ТЕХНОПРО;7743250613;1;0
2612803713;1;14;14;0;АВТОНОМНАЯ НЕКОММЕРЧЕСКАЯ ОРГАНИЗАЦИЯ ДОПОЛНИТЕЛЬНОГО ПРОФЕССИОНАЛЬНОГО ОБРАЗОВАНИЯ ЦЕНТР ПО ПОДГОТОВКЕ ДЕТСКОЮНОШЕСКИХ ТРЕНЕРОВ ПО ФУТБОЛУ ИМЕНИ К.И. БЕСКОВА;7720491531;0;0
2612803714;1;53;53;0;Автономная некоммерческая организация дополнительного профессионального образования ЦЕНТР ПРОФЕССИОНАЛЬНОГО ТРАНСПОРТНОГО ОБРАЗОВАНИЯ;7707006296;0;0
2612803716;1;66;63;3;ОБЩЕСТВО С ОГРАНИЧЕННОЙ ОТВЕТСТВЕННОСТЬЮ ТУ ЭДЖЕНСИ;9710030415;1;0
2612803718;1;27;27;0;Общество с ограниченной ответственностью ПромАгро;6215018873;0;0
2612803719;1;51;51;0;ОБЩЕСТВО С ОГРАНИЧЕННОЙ ОТВЕТСТВЕННОСТЬЮ ОССКОРП ИНВЕСТ;7728359711;1;0
2612803721;1;1;1;0;ОБЩЕСТВО С ОГРАНИЧЕННОЙ ОТВЕТСТВЕННОСТЬЮ СНАБСИТИ ПЛЮС;9731007061;1;0
2612803723;1;37;37;0;ОБЩЕСТВО С ОГРАНИЧЕННОЙ ОТВЕТСТВЕННОСТЬЮ МЕД ЭКСПРЕСС;7733812920;1;0
2612803730;1;30;30;0;ОБЩЕСТВО С ОГРАНИЧЕННОЙ ОТВЕТСТВЕННОСТЬЮ МЕДЛИДЕР;7704818660;1;0
2612803734;1;46;46;0;Общества с ограниченной ответственностью ВАЛАНКОНД;7716182918;1;0
2612803735;1;42;42;0;Общество с ограниченной ответственностью БОГАТЫРЬ;3625014669;0;0
2612803738;1;54;54;0;ОБЩЕСТВО С ОГРАНИЧЕННОЙ ОТВЕТСТВЕННОСТЬЮ МОСОБЛКОМ;5029226200;1;0
2612803740;1;44;44;0;ОБЩЕСТВО С ОГРАНИЧЕННОЙ ОТВЕТСТВЕННОСТЬЮ ЛАЙВКАРГО;7733329085;1;0
2612803745;1;36;36;0;ОБЩЕСТВО С ОГРАНИЧЕННОЙ ОТВЕТСТВЕННОСТЬЮ ТУПЛАС ИНЖИНИРИНГ;7734348796;1;0
2612803747;1;14;14;0;ОБЩЕСТВО С ОГРАНИЧЕННОЙ ОТВЕТСТВЕННОСТЬЮ ВИЗИКОМАРТ;5010038490;1;0
2612803750;1;16;16;0;ОБЩЕСТВО С ОГРАНИЧЕННОЙ ОТВЕТСТВЕННОСТЬЮ ТК АПЕКС;7725390569;1;0
2612803752;1;68;65;3;ОБЩЕСТВО С ОГРАНИЧЕННОЙ ОТВЕТСТВЕННОСТЬЮ ПРОЕКТНЫЙ ИНСТИТУТ СТРОИТЕЛЬНОЙ АКУСТИКИ;7705513741;1;0
2612803755;1;25;25;0;ОБЩЕСТВО С ОГРАНИЧЕННОЙ ОТВЕТСТВЕННОСТЬЮ ХПО;7801266502;0;0
2612803756;1;45;45;0;Общество с ограниченной ответственностью САМСОН МЕД;7714425883;1;0
2612803758;1;31;31;0;ОБЩЕСТВО С ОГРАНИЧЕННОЙ ОТВЕТСТВЕННОСТЬЮ СИГМА МЕТРИКС;7709934934;1;0
2612803759;1;39;39;0;ОБЩЕСТВО С ОГРАНИЧЕННОЙ ОТВЕТСТВЕННОСТЬЮ ПОЖТЕХНАДЗОР;7701967092;1;0
2612803760;1;70;67;3;ООО СПБ Ясный;5038094102;0;0
2612803761;1;69;66;3;ОБЩЕСТВО С ОГРАНИЧЕННОЙ ОТВЕТСТВЕННОСТЬЮ ТРОН;2130157447;1;0
2612803763;1;30;30;0;ОБЩЕСТВО С ОГРАНИЧЕННОЙ ОТВЕТСТВЕННОСТЬЮ ВЕРТИКАЛЬ СП;7735080566;1;0
2612803764;1;1;1;0;ОБЩЕСТВО С ОГРАНИЧЕННОЙ ОТВЕТСТВЕННОСТЬЮ НОВОТЕХСЕРВИС;7733324979;1;0
2612803765;1;39;39;0;ОБЩЕСТВО С ОГРАНИЧЕННОЙ ОТВЕТСТВЕННОСТЬЮ ТЕХНОСВАР КС;6027115850;1;0
2612803767;1;3;3;0;Общество с ограниченной ответственностью КИЗОКУ АЙС;7729469918;1;0
2612803770;1;61;58;3;Общество с ограниченной ответственностью ПРОИЗВОДСТВЕННАЯ ФИРМА «Спецферросплав»;7707586801;0;0
2612803772;1;49;49;0;Общество с ограниченной ответственностью «ДИАЛОГСТРОЙ»;7710627590;1;0
2612803773;1;35;35;0;ОБЩЕСТВО С ОГРАНИЧЕННОЙ ОТВЕТСТВЕННОСТЬЮ ПРОФИТ;7718897904;0;0
2612803776;1;53;53;0;Общество с ограниченной ответственностью «МТТрейд»;7717718510;1;0
2612803777;1;22;22;0;ОБЩЕСТВО С ОГРАНИЧЕННОЙ ОТВЕТСТВЕННОСТЬЮ ИНЖЕНЕРНЫЙ ЦЕНТР СИСТЕМА;7730241280;1;0
2612803779;1;1;1;0;Общество с ограниченной ответственностью АВысота;7718744351;0;0
2612803780;1;44;44;0;ОБЩЕСТВО С ОГРАНИЧЕННОЙ ОТВЕТСТВЕННОСТЬЮ ВИЛГУД ПАРТС;7715946279;1;0
2612803782;1;55;55;0;Общество с ограниченной ответственностью АВТОБИЗНЕСЦЕНТР;7604272779;0;0
2612803784;1;15;15;0;ОБЩЕСТВО С ОГРАНИЧЕННОЙ ОТВЕТСТВЕННОСТЬЮ 421 УПРАВЛЕНИЕ НАЧАЛЬНИКА РАБОТ;7726438862;1;0
2612803785;1;60;57;3;ОБЩЕСТВО С ОГРАНИЧЕННОЙ ОТВЕТСТВЕННОСТЬЮ ГИДРОСТРОЙ;7721828040;1;0
2612803786;1;1;1;0;ОБЩЕСТВО С ОГРАНИЧЕННОЙ ОТВЕТСТВЕННОСТЬЮ РУТЕКТОР;2312103020;0;0
2612803787;1;28;28;0;ОБЩЕСТВО С ОГРАНИЧЕННОЙ ОТВЕТСТВЕННОСТЬЮ ЛАКИ СЕРВИС;7717593886;1;0
2612803788;1;28;28;0;ОБЩЕСТВО С ОГРАНИЧЕННОЙ ОТВЕТСТВЕННОСТЬЮ ЛЮМАР;5003121845;0;0
2612803789;1;20;20;0;ОБЩЕСТВО С ОГРАНИЧЕННОЙ ОТВЕТСТВЕННОСТЬЮ МЕДОСТОМ;5003075363;0;0
2612803790;1;46;46;0;Общество с ограниченной ответственностью «Торговый дом Недра»;1903017335;1;0
2612803791;1;40;40;0;ООО Майнд Лабс.;7708225269;0;0
2612803793;1;13;13;0;ОБЩЕСТВО С ОГРАНИЧЕННОЙ ОТВЕТСТВЕННОСТЬЮ ЛЕНСТРОЙ;7713388565;1;0
2612803794;1;26;26;0;ОБЩЕСТВО С ОГРАНИЧЕННОЙ ОТВЕТСТВЕННОСТЬЮ ТРАНС ПАРТС ПРО;5012096465;1;0
2612803796;1;32;32;0;Общество с орграниченной ответсвенностью Научнопроизводственное объеденениеАТРИУМ;7743896510;1;0
2612803799;1;70;67;3;Общество с ограниченной ответственностью «Премьер Холдинг»;7709832428;0;0
2612803800;1;53;53;0;ОБЩЕСТВО С ОГРАНИЧЕННОЙ ОТВЕТСТВЕННОСТЬЮ ВЕГА;5259069810;1;0
2612803801;1;32;32;0;"ОБЩЕСТВО С ОГРАНИЧЕННОЙ
ОТВЕТСТВЕННОСТЬЮ КОВРОВ И
МАКАРОВ";7743767634;1;0
2612803802;1;10;10;0;ОБЩЕСТВО С ОГРАНИЧЕННОЙ ОТВЕТСТВЕННОСТЬЮ АХЕЙЯ;7814649870;1;0
2612803803;1;15;15;0;ОБЩЕСТВО С ОГРАНИЧЕННОЙ ОТВЕТСТВЕННОСТЬЮ СПЕЦПОЖИНВЕНТАРЬ;9721067657;1;0
2612803804;1;41;41;0;ОБЩЕСТВО С ОГРАНИЧЕННОЙ ОТВЕТСТВЕННОСТЬЮ ГОРИЗОНТ;9723047889;1;0
2612803805;1;64;61;3;Общество с ограниченной ответственностью МАСТЕРСТРОЙ;9718059215;0;0
2612803806;1;48;48;0;ОБЩЕСТВО С ОГРАНИЧЕННОЙ ОТВЕТСТВЕННОСТЬЮ КОММУНИКАЦИОННОЕ АГЕНТСТВО РЕДИ;6732141931;1;0
2612803810;1;58;55;3;ОБЩЕСТВО С ОГРАНИЧЕННОЙ ОТВЕТСТВЕННОСТЬЮ ГРЕВС;7839408749;1;0
2612803812;1;15;15;0;Общества с ограниченной ответственностью Арт Авангард;7714917860;1;0
2612803813;1;43;43;0;ОБЩЕСТВО С ОГРАНИЧЕННОЙ ОТВЕТСТВЕННОСТЬЮ ПОЖ-ПРОЕКТ СЕРВИС;7726651037;1;0
2612803814;1;65;61;3;Акционерное общество ТОНЛАЙН;7702188444;0;0
2612803817;1;17;17;0;Общество с ограниченной ответственностью СервисСтрой;9715000823;0;0
2612803818;1;68;65;3;Общество с ограниченной ответственностью БЕТАКОМ;7731572461;1;0
2612803820;1;53;53;0;ОБЩЕСТВО С ОГРАНИЧЕННОЙ ОТВЕТСТВЕННОСТЬЮ АРТЕЛЬ ДЖЕТ;6450098950;1;0
2612803823;1;3;3;0;ОБЩЕСТВО С ОГРАНИЧЕННОЙ ОТВЕТСТВЕННОСТЬЮ ТЕХНОЛОГИЯ КОММЕРЦИИ;7734596326;1;0
2612803827;1;13;13;0;Общества с ограниченной ответственностью Артефакт;7326025155;1;0
2612803828;1;53;53;0;Акционерное общество Холдинговая компания «Главное всерегиональное строительное управление «Центр»;7709261816;0;0
2612803831;1;49;49;0;Общество с ограниченной ответственностью ВБК;7733328684;0;0
2612803836;1;69;66;3;ОБЩЕСТВО С ОГРАНИЧЕННОЙ ОТВЕТСТВЕННОСТЬЮ ИННОВАЦИОННЫЕ ЛАБОРАТОРИИ;7813287909;1;0
2612803837;1;13;13;0;Общество с ограниченной ответственностью «ВКА РЕМАРКОНС»;7731346293;1;0
2612803838;1;23;23;0;Общество с ограниченной ответственностью Золотые времена;7743767289;1;0
2612803842;1;5;5;0;ООО ТПК РУСЕАН;7716876377;1;0
2612803844;1;43;43;0;Общество с ограниченной ответственностью «Агентство деловых коммуникаций Саммит»;6673212458;1;0
2612803848;1;57;57;0;ОБЩЕСТВО С ОГРАНИЧЕННОЙ ОТВЕТСТВЕННОСТЬЮ ЗД ВАЙД МАЙНД;7722412599;0;0
2612803850;1;24;24;0;АКЦИОНЕРНОЕ ОБЩЕСТВО ХЛЕБОЗАВОД №28;7735004068;0;0
2612803851;1;16;16;0;Публичное акционерное общество «МегаФон»;7812014560;0;0
2612803852;1;46;46;0;ОБЩЕСТВО С ОГРАНИЧЕННОЙ ОТВЕТСТВЕННОСТЬЮ СТД;7720423860;1;0
2612803853;1;59;56;3;Общество с огрниченной ответственостью Независимая СтроительноИнновационная ТорговоЭкспортная Компания;9718086956;0;0
2612803856;1;22;22;0;АКЦИОНЕРНОЕ ОБЩЕСТВО КАЛУЖСКИЙ НАУЧНОИССЛЕДОВАТЕЛЬСКИЙ ИНСТИТУТ ТЕЛЕМЕХАНИЧЕСКИХ УСТРОЙСТВ;4027100480;0;0
2612803863;1;18;18;0;Общество с ограниченной ответственностью Компания СОНАКС;7718631245;0;0
2612803865;1;21;21;0;ОБЩЕСТВО С ОГРАНИЧЕННОЙ ОТВЕТСТВЕННОСТЬЮ ТЕХПРОЕКТ К;9701061449;1;0
2612803866;1;24;24;0;Общество с ограниченной ответственностьюФрст;7713425150;0;0
2612803870;1;13;13;0;ОБЩЕСТВО С ОГРАНИЧЕННОЙ ОТВЕТСТВЕННОСТЬЮ ТРЕЙД СЕРВИС КРЕУ, РУС;6673203439;1;0
2612803871;1;42;42;0;ОБЩЕСТВО С ОГРАНИЧЕННОЙ ОТВЕТСТВЕННОСТЬЮ АВТОВИК;5256147643;1;0
2612803874;1;62;59;3;ОБЩЕСТВО С ОГРАНИЧЕННОЙ ОТВЕТСТВЕННОСТЬЮ АРТ ГРУПП;7725494984;1;0
2612803876;1;3;3;1;ОБЩЕСТВО С ОГРАНИЧЕННОЙ ОТВЕТСТВЕННОСТЬЮ ПКФ ТЕПЛИЧНЫЕ ТЕХНОЛОГИИ;7713634570;0;0
2612803881;1;47;47;0;Общество с ограниченной ответственностью ТАЛИОН;7720403398;1;0
2612803882;1;68;65;3;АО РУСБЕЗОПАСНОСТЬКОНСАЛТИНГ;7714622017;1;0
2612803883;1;61;58;3;ОБЩЕСТВО С ОГРАНИЧЕННОЙ ОТВЕТСТВЕННОСТЬЮ НЕЗАВИСИМАЯ ИНСПЕКЦИЯ КОМПЛЕКСНОЙ БЕЗОПАСНОСТИ;7714791382;1;0
2612803884;1;65;61;3;АНО ПО ТК СГУ;6726023513;0;0
2612803886;1;31;31;0;ОБЩЕСТВО С ОГРАНИЧЕННОЙ ОТВЕТСТВЕННОСТЬЮ «АЛГОРИТМ ЗАКУПОК»;7718309447;1;0
2612803887;1;29;29;0;ОБЩЕСТВО С ОГРАНИЧЕННОЙ ОТВЕТСТВЕННОСТЬЮ АНГРУПП;7722398383;0;0
2612803890;1;28;28;0;Общество с ограниченной ответственностью «Телефлекс»;7713800154;0;0
2612803891;1;14;14;0;ОБЩЕСТВО С ОГРАНИЧЕННОЙ ОТВЕТСТВЕННОСТЬЮ ЦВЕТОЧНАЯ КОМПОЗИЦИЯ;7703092008;1;0
2612803893;1;20;20;0;ОБЩЕСТВО С ОГРАНИЧЕННОЙ ОТВЕТСТВЕННОСТЬЮ ФАРМАЦЕВТИЧЕСКОЕ ПРОИЗВОДСТВО;3662175456;1;0
2612803894;1;56;56;0;ОБЩЕСТВО С ОГРАНИЧЕННОЙ ОТВЕТСТВЕННОСТЬЮ АРТАЛЬЯНС И КО;7706453943;1;0
2612803896;1;49;49;0;ОБЩЕСТВО С ОГРАНИЧЕННОЙ ОТВЕТСТВЕННОСТЬЮ АНГИЛТРАНС;7716774576;1;0
2612803897;1;10;10;0;ОБЩЕСТВО С ОГРАНИЧЕННОЙ ОТВЕТСТВЕННОСТЬЮ НЕОГРУПП;9721068393;1;0
2612803898;1;18;18;0;ОБРАЗОВАТЕЛЬНАЯ АВТОНОМНАЯ НЕКОММЕРЧЕСКАЯ ОРГАНИЗАЦИЯ ДОПОЛНИТЕЛЬНОГО ПРОФЕССИОНАЛЬНОГО ОБРАЗОВАНИЯ СКАЕНГ;9709022748;0;0
2612803901;1;37;37;0;Общество с ограниченной ответственностью ЛОТОС;9701037598;1;0
2612803902;1;21;21;0;ОБЩЕСТВО С ОГРАНИЧЕННОЙ ОТВЕТСТВЕННОСТЬЮ МАНИОЛА;7714424008;0;0
2612803904;1;10;10;0;ОБЩЕСТВО С ОГРАНИЧЕННОЙ ОТВЕТСТВЕННОСТЬЮ ЧАСТНОЕ ОХРАННОЕ ПРЕДПРИЯТИЕ КАМЕЛОТМ;7720743740;1;0
2612803906;1;70;67;3;ОБЩЕСТВО С ОГРАНИЧЕННОЙ ОТВЕТСТВЕННОСТЬЮ КЭМ;9701006790;1;0
2612803907;1;5;5;0;ОБЩЕСТВО С ОГРАНИЧЕННОЙ ОТВЕТСТВЕННОСТЬЮ «Проффит»;5029230285;0;0
2612803908;1;17;17;0;ОБЩЕСТВО С ОГРАНИЧЕННОЙ ОТВЕТСТВЕННОСТЬЮ МЕРКУРИЙ ЛАЙТ;7727774289;1;0
2612803909;1;31;31;0;ОБЩЕСТВО С ОГРАНИЧЕННОЙ ОТВЕТСТВЕННОСТЬЮ ИНТЕРХИМ КОМ;7724940700;1;0
2612803910;1;54;54;0;ОБЩЕСТВО С ОГРАНИЧЕННОЙ ОТВЕТСТВЕННОСТЬЮ САЯНЫЭНЕРГОМОНТАЖ;9705007756;1;0
2612803911;1;68;65;3;ООО МИР ДЕТСТВА;5190029484;1;0
2612803912;1;6;6;0;ОБЩЕСТВО С ОГРАНИЧЕННОЙ ОТВЕТСТВЕННОСТЬЮ АЛЬЯНССТРОЙСВЕТ;7726605217;1;0
2612803914;1;8;8;0;ОБЩЕСТВО С ОГРАНИЧЕННОЙ ОТВЕТСТВЕННОСТЬЮ ФУТУРА ЦЕНТР;7720431437;1;0
2612803915;1;34;34;0;ОБЩЕСТВО С ОГРАНИЧЕННОЙ ОТВЕТСТВЕННОСТЬЮ ДОМЕКС;7736685740;1;0
2612803917;1;35;35;0;ОБЩЕСТВО С ОГРАНИЧЕННОЙ ОТВЕТСТВЕННОСТЬЮ ЛАЗЕРТАГ;6732019201;1;0
2612803919;1;50;50;0;ОБЩЕСТВО С ОГРАНИЧЕННОЙ ОТВЕТСТВЕННОСТЬЮ ЧАСТНОЕ ОХРАННОЕ ПРЕДПРИЯТИЕ АЛЬФАКОМАНДОР;7724514613;1;0
2612803920;1;37;37;0;Общество с ограниченной ответственностью ЛАНДШАФТ;5032260106;1;0
2612803921;1;24;24;0;Общество с ограниченной ответственностью СИМПЛМЕД;7718862161;0;0
2612803924;0;7;3;4;ОБЩЕСТВО С ОГРАНИЧЕННОЙ ОТВЕТСТВЕННОСТЬЮ ЗОЛОТОЕ РУНО;7136502635;0;0
2612803925;0;1;0;1;ОБЩЕСТВО С ОГРАНИЧЕННОЙ ОТВЕТСТВЕННОСТЬЮ НАУЧНОТЕХНИЧЕСКОЕ ОБЪЕДИНЕНИЕ ЦЕНТР УТИЛИЗАЦИИ ОРГТЕХНИКИ И ОБОРУДОВАНИЯ;7702788586;0;0
2612803926;0;7;3;4;Общество с ограниченной ответственностью СТРОИТЕЛЬНОИНЖИНИРИНГОВАЯ КОМПАНИЯ РЕЙН;5032263957;0;0
2612803927;0;5;2;4;ОБЩЕСТВО С ОГРАНИЧЕННОЙ ОТВЕТСТВЕННОСТЬЮ СЕРВИСПАРТНЕР УК;7725345132;1;0
2612803928;0;1;0;1;ОБЩЕСТВО С ОГРАНИЧЕННОЙ ОТВЕТСТВЕННОСТЬЮ ТИНДИПАК;7723891986;1;0
2612803929;0;10;3;7;ОБЩЕСТВО С ОГРАНИЧЕННОЙ ОТВЕТСТВЕННОСТЬЮ ТОРГ МАРКЕТ;3328014850;1;0
2612803930;0;5;2;3;Общество с ограниченной ответственностью Вета;7726338177;1;0
2612803932;0;7;3;4;Общество с ограниченной ответственностью «ТЭККС»;7725622080;1;0
2612803935;0;1;0;1;Общество с ограниченной ответственностью ИТДБ;7714796214;1;0
2612803936;0;1;0;1;Общество с ограниченной ответственностью ВИТА ДЕКОР;7107549501;1;0
2612803937;0;10;3;7;ОБЩЕСТВО С ОГРАНИЧЕННОЙ ОТВЕТСТВЕННОСТЬЮ КУЛЕВЕР;7726758340;1;0
2612803941;0;7;3;4;ОБЩЕСТВО С ОГРАНИЧЕННОЙ ОТВЕТСТВЕННОСТЬЮ МЕДАСПЕКТ;7729652649;1;0
2612803942;0;1;0;1;ОБЩЕСТВО С ОГРАНИЧЕННОЙ ОТВЕТСТВЕННОСТЬЮ РЕМСТРОЙПРОЕКТ БИС;7701009043;1;0
2612803943;0;1;0;1;ООО ДОМСТРОЙСК;9729082632;0;0
2612803945;0;1;0;1;ОБЩЕСТВО С ОГРАНИЧЕННОЙ ОТВЕТСТВЕННОСТЬЮ АЛЬЯНС;7720439838;1;0
2612803946;0;7;3;4;ОБЩЕСТВО С ОГРАНИЧЕННОЙ ОТВЕТСТВЕННОСТЬЮ МИБТЕХНОЛОГИИ;9729261720;1;0
2612803947;0;5;2;3;ОБЩЕСТВО С ОГРАНИЧЕННОЙ ОТВЕТСТВЕННОСТЬЮ ФОРТЕ И ПИАНО;7702718130;1;0
2612803948;0;1;0;1;ООО БИЗНЕС РУС;5404046419;0;0
2612803950;0;1;0;1;ОБЩЕСТВО С ОГРАНИЧЕННОЙ ОТВЕТСТВЕННОСТЬЮ БЕТАТЕХНОЛОГИИ;7716640854;0;0
2612803951;0;5;2;4;ОБЩЕСТВО С ОГРАНИЧЕННОЙ ОТВЕТСТВЕННОСТЬЮ СОНАТЕК;5027153451;1;0
2612803954;0;10;3;7;ОБЩЕСТВО С ОГРАНИЧЕННОЙ ОТВЕТСТВЕННОСТЬЮ ИНЖЕНЕРСЕРВИС;2320154613;1;0
2612803955;0;1;0;1;ОБЩЕСТВО С ОГРАНИЧЕННОЙ ОТВЕТСТВЕННОСТЬЮ ГРУППА КОМПАНИЙ ОКС;7727309404;0;0
2612803957;0;10;3;7;Общество с ограниченной ответственностью КАСПЕР;7107108200;0;0
2612803959;0;1;0;1;ОБЩЕСТВО С ОГРАНИЧЕННОЙ ОТВЕТСТВЕННОСТЬЮ АБМОТОРС;7733299842;0;0
2612803961;0;1;0;1;ОБЩЕСТВО С ОГРАНИЧЕННОЙ ОТВЕТСТВЕННОСТЬЮ ФОКСМУН;5042114009;1;0
2612803962;0;1;0;1;ОБЩЕСТВО С ОГРАНИЧЕННОЙ ОТВЕТСТВЕННОСТЬЮ ТОРГСИТИ;7704413092;1;0
2612803965;0;7;3;4;Общество с ограниченной ответственностью ФИТ;7719763861;1;0
2612803966;0;5;2;3;ОБЩЕСТВО С ОГРАНИЧЕННОЙ ОТВЕТСТВЕННОСТЬЮ СОЧИМОНОЛИТ;2319042048;1;0
2612803967;0;10;3;7;ОБЩЕСТВО С ОГРАНИЧЕННОЙ ОТВЕТСТВЕННОСТЬЮ ГЕОКАДАСТР;5024093405;1;0
2612803968;0;5;2;3;ОБЩЕСТВО С ОГРАНИЧЕННОЙ ОТВЕТСТВЕННОСТЬЮ ДЖЕМ;7704739506;1;0
2612803969;0;1;0;1;Общество с ограниченной ответственностью «ПОС ФАКТОРИ»;7720802321;1;0
2612803970;0;1;0;1;Общество с ограниченной ответственностью ООО СТИГРВАГРЕМ;7713197722;1;0
2612803971;0;5;2;3;ОБЩЕСТВО С ОГРАНИЧЕННОЙ ОТВЕТСТВЕННОСТЬЮ СТРОЙХОЛДИНГ;9701098978;1;0
2612803973;0;10;3;7;ОБЩЕСТВО С ОГРАНИЧЕННОЙ ОТВЕТСТВЕННОСТЬЮ ТРАНСНАБ;7715890241;1;0
2612803974;0;1;0;1;ОБЩЕСТВО С ОГРАНИЧЕННОЙ ОТВЕТСТВЕННОСТЬЮ КОМПАНИЯ ПАРТНР;7722700607;0;0
2612803977;0;1;0;1;Общество с ограниченной ответственностью ПОЛЯРИС;7729461997;1;0
2612803983;0;1;0;1;Общества с ограниченной ответственностью БТС ГРУП;7814089353;1;0
2612803984;0;5;2;4;ТОВАРИЩЕСТВО СОБСТВЕННИКОВ ЖИЛЬЯ «КРЫЛАТСКИЕ ХОЛМЫ, 28»;7731603871;0;0
2612803987;0;5;2;3;ОБЩЕСТВО С ОГРАНИЧЕННОЙ ОТВЕТСТВЕННОСТЬЮ МЕГАЛАЙНИНЖИНИРИНГ;7736509745;1;0
2612803990;0;7;3;4;ОБЩЕСТВО С ОГРАНИЧЕННОЙ ОТВЕТСТВЕННОСТЬЮ ПРОФОРМСМ;7701710971;1;0
2612803993;0;10;3;7;ООО СНЭ;9701094500;1;0
2612803996;1;53;53;0;ООО ЛИГАЛ СЕРВИС;7722614108;1;0
2612804001;1;2;2;0;Общество с ограниченной ответственностью ПожарноСпасательная Компания;7728714395;1;0
2612804002;1;2;2;0;Некоммерческое партнерство «Международный театральный фестиваль им. А.П. Чехова»;7703371227;0;0
2612804004;1;36;36;0;ОБЩЕСТВО С ОГРАНИЧЕННОЙ ОТВЕТСТВЕННОСТЬЮ ПРОММАШ ТЕСТ ИНЖИНИРИНГ;7710909058;1;0
2612804009;1;16;16;0;Общество с ограниченной ответственностью «РСК»;7725471440;0;0
2612804010;1;40;40;0;ООО Неторн;7715255320;1;0
2612804012;1;45;45;0;Общество с ограниченной ответственностью «Интеллектуальное видеонаблюдение»;3702097278;1;0
2612804014;1;65;61;3;ООО ОФИСНАЯ КАНЦЕЛЯРИЯ;9723052896;1;0
2612804015;1;37;37;0;ОБЩЕСТВО С ОГРАНИЧЕННОЙ ОТВЕТСТВЕННОСТЬЮАЛТСЕРВИС;7703368425;0;0
2612804017;1;45;45;0;ОБЩЕСТВО С ОГРАНИЧЕННОЙ ОТВЕТСТВЕННОСТЬЮ ТОРГОВЫЙ ДОМ СПЕЦТЕХСНАБ;1835077051;1;0
2612804018;1;68;65;3;Общество с ограниченной ответственностью ТРАКМАСТЕР 42;9729061590;1;0
2612804019;1;7;6;1;ОБЩЕСТВО С ОГРАНИЧЕННОЙ ОТВЕТСТВЕННОСТЬЮ ФУД МУВИНГ;9729116602;0;0
2612804020;1;19;19;0;Общество с ограниченной отвественностью Счастливый ребенок;7728896804;0;0
2612804024;1;21;21;0;ОБЩЕСТВО С ОГРАНИЧЕННОЙ ОТВЕТСТВЕННОСТЬЮ ПОЖАРНОТЕХНИЧЕСКАЯ БЕЗОПАСНОСТЬ;7719811554;1;0
2612804025;1;20;20;0;ОБЩЕСТВО С ОГРАНИЧЕННОЙ ОТВЕТСТВЕННОСТЬЮ ЭНЕРГОМОТОР;7721739270;1;0
2612804026;1;27;27;0;ОБЩЕСТВО С ОГРАНИЧЕННОЙ ОТВЕТСТВЕННОСТЬЮ АЙ ТИ СЕРВИС ЛАБ;7723663740;1;0
2612804028;1;30;30;0;ОБЩЕСТВО С ОГРАНИЧЕННОЙ ОТВЕТСТВЕННОСТЬЮ РУБЕЖ;7725679209;1;0
2612804029;1;27;27;0;ОБЩЕСТВО С ОГРАНИЧЕННОЙ ОТВЕТСТВЕННОСТЬЮ РПК СИСТЕМЫ;7727386092;1;0
2612804030;1;45;45;0;ОБЩЕСТВО С ОГРАНИЧЕННОЙ ОТВЕТСТВЕННОСТЬЮ ЦЕНТР ДЕЗУСЛУГ;7714415028;0;0
2612804031;1;61;58;3;ООО КСЕРВИС;7727389030;1;0
2612804032;1;20;20;0;ОБЩЕСТВО С ОГРАНИЧЕННОЙ ОТВЕТСТВЕННОСТЬЮ БРЕНТОН КЛУБ;7719738840;1;0
2612804033;1;27;27;0;ОБЩЕСТВО С ОГРАНИЧЕННОЙ ОТВЕТСТВЕННОСТЬЮ ИТЕРО;7453174992;1;0
2612804035;1;63;60;3;Общества с ограниченной ответственностью Студия Мохин Дизайн;7706226926;1;0
2612804037;1;21;21;0;ОБЩЕСТВО С ОГРАНИЧЕННОЙ ОТВЕТСТВЕННОСТЬЮ ЦЕНТР СПОРТ;6321282774;1;0
2612804044;1;48;48;0;Общество с ограниченной ответственностью «АРТУЭЙ»;7709909021;0;0
2612804047;1;51;51;0;ОБЩЕСТВО С ОГРАНИЧЕННОЙ ОТВЕТСТВЕННОСТЬЮ ТЕХНОФОРУМ ТЕЛЕКОММУНИКАЦИИ;7736250348;1;0
2612804049;1;39;39;0;ОБЩЕСТВО С ОГРАНИЧЕННОЙ ОТВЕТСТВЕННОСТЬЮ УПРАВЛЯЮЩАЯ КОМПАНИЯ АЛЬФА;9705063398;0;0
2612804054;1;4;4;0;ОБЩЕСТВО С ОГРАНИЧЕННОЙ ОТВЕТСТВЕННОСТЬЮ ИРБИС;6164296090;1;0
2612804055;1;6;6;0;ОБЩЕСТВО С ОГРАНИЧЕННОЙ ОТВЕТСТВЕННОСТЬЮ ЦЕНТР ВОССТАНОВИТЕЛЬНОЙ МЕДИЦИНЫ И РЕАБИЛИТАЦИИ ГАРМОНИЯ;5032138466;0;0
2612804058;1;47;47;0;ОБЩЕСТВО С ОГРАНИЧЕННОЙ ОТВЕТСТВЕННОСТЬЮ КРАСНАЯ АРМИЯ;7706293626;1;0
2612804059;1;43;43;0;ОБЩЕСТВО С ОГРАНИЧЕННОЙ ОТВЕТСТВЕННОСТЬЮ СТАФФ ТЕКС+;9723050754;1;0
2612804060;1;61;58;3;ОБЩЕСТВО С ОГРАНИЧЕННОЙ ОТВЕТСТВЕННОСТЬЮ ЭПСИЛОН;7720793236;1;0
2612804061;1;55;55;0;Общество с ограниченной ответственностью ТССервис;7722636616;0;0
2612804064;1;15;15;0;Общество с ограниченной ответственностью РУССКИЙ МОНОЛИТ;7707631099;0;0
2612804065;1;24;24;0;Общество с ограниченной ответственностью Альянс;7719838901;0;0
2612804066;1;44;44;0;ОБЩЕСТВО С ОГРАНИЧЕННОЙ ОТВЕТСТВЕННОСТЬЮ БЕТАФАРМ;5050106788;1;0
2612804070;1;61;58;3;ООО ТЕХНОЛОГИЯ ОСВ;7730706970;0;0
2612804071;1;20;20;0;ОБЩЕСТВО С ОГРАНИЧЕННОЙ ОТВЕТСТВЕННОСТЬЮ ЭНЕРГОСЕРВИС СПБ;7842511489;0;0
2612804073;1;31;31;0;ООО ВДГБИТС;7718972559;1;0
2612804077;1;29;29;0;ОБЩЕСТВО С ОГРАНИЧЕННОЙ ОТВЕТСТВЕННОСТЬЮ ИНСТИТУТ НОВЫХ ИНФОРМАЦИОННЫХ ТЕХНОЛОГИЙ;7743810488;1;0
2612804078;1;18;18;0;Бюджетное учреждение дополнительного профессионального образования Омской области «Центр повышения квалификации работников здравоохранения»;5502017649;0;1
2612804080;1;55;55;0;Общество с ограниченной ответственностью Профзащита-К;7708332422;1;0
2612804084;1;27;27;0;Общество с ограниченной ответственностью Частная охранная организация «Восток»;7722848515;1;0
2612804085;1;53;53;0;ОБЩЕСТВО С ОГРАНИЧЕННОЙ ОТВЕТСТВЕННОСТЬЮ ПАУЭР ЛИФТ;7727334947;0;0
2612804087;1;15;15;0;ООО ПРОДРЕСУРС;6726024010;1;0
2612804088;1;29;29;0;ОБЩЕСТВО С ОГРАНИЧЕННОЙ ОТВЕТСТВЕННОСТЬЮ ФОРМУЛА;7805650300;1;0
2612804090;1;45;45;0;ЧАСТНОЕ УЧРЕЖДЕНИЕ ДОПОЛНИТЕЛЬНОГО ПРОФЕССИОНАЛЬНОГО ОБРАЗОВАНИЯ УЧЕБНОТЕХНИЧЕСКИЙ ЦЕНТР СОДЕЙСТВИЕ;5610097507;0;0
2612804091;1;68;65;3;Общество с Ограниченной Ответственностью Бизнес Успех;7714878869;0;0
2612804093;1;9;9;0;ОБЩЕСТВО С ОГРАНИЧЕННОЙ ОТВЕТСТВЕННОСТЬЮ ПРИТОК;7721586112;1;0
2612804094;1;62;59;3;Ассоциация деятелей искусства и культуры Творческое объединение Новые передвижники;9710004711;0;0
2612804095;1;68;65;3;ОБЩЕСТВО С ОГРАНИЧЕННОЙ ОТВЕТСТВЕННОСТЬЮ ЛИДЕР;9718082091;1;0
2612804097;1;60;57;3;ОБЩЕСТВО С ОГРАНИЧЕННОЙ ОТВЕТСТВЕННОСТЬЮ 1001 СТЕЛЛАЖ;5009103553;1;0
2612804098;1;14;14;0;ООО ФотобукИваново;3702630993;1;0
2612804101;1;70;67;3;ОБЩЕСТВО С ОГРАНИЧЕННОЙ ОТВЕТСТВЕННОСТЬЮ ФАБРИКА;6949014223;1;0
2612804102;1;10;10;0;ОБЩЕСТВО С ОГРАНИЧЕННОЙ ОТВЕТСТВЕННОСТЬЮ АПРЕЛЬТЕКС;3702594047;1;0
2612804103;1;23;23;0;Общества с ограниченной ответственностью Солвент;5044083941;1;0
2612804106;1;32;32;0;ОБЩЕСТВО С ОГРАНИЧЕННОЙ ОТВЕТСТВЕННОСТЬЮ СОЦИАЛЬНОРЕАБИЛИТАЦИОННОЕ ПРЕДПРИЯТИЕ СОДЕЙСТВИЕ ВОИ;7810559199;1;0
2612804107;1;48;48;0;ОБЩЕСТВО С ОГРАНИЧЕННОЙ ОТВЕТСТВЕННОСТЬЮ ПРОЕКТСЕРВИС;9701054554;1;0
2612804108;1;10;10;0;Общество с ограниченной ответственностью АРХИВПРОФИ;7729545132;1;0
2612804111;1;33;33;0;ОБЩЕСТВО С ОГРАНИЧЕННОЙ ОТВЕТСТВЕННОСТЬЮ СОНОМЕДИКАЛ;7716914093;1;0
2612804112;1;14;14;0;ОБЩЕСТВО С ОГРАНИЧЕННОЙ ОТВЕТСТВЕННОСТЬЮ НЬЮ СТАР СТЕРИЛИЗЕЙШН;7731462162;1;0
2612804114;1;60;57;3;ОБЩЕСТВО С ОГРАНИЧЕННОЙ ОТВЕТСТВЕННОСТЬЮ НАУЧНОТЕХНИЧЕСКОЕ ОБЪЕДИНЕНИЕ БИОНОВА;7714028205;1;0
2612804115;1;53;53;0;Общество с ограниченной ответственностью АЛЬФАСТРОЙСИТИ;7716902725;1;0
2612804116;1;64;61;3;ЧАСТНОЕ УЧРЕЖДЕНИЕ ДОПОЛНИТЕЛЬНОГО ПРОФЕССИОНАЛЬНОГО ОБРАЗОВАНИЯ МЕЖДУНАРОДНАЯ АКАДЕМИЯ БИЗНЕСА;7705096544;0;0
2612804117;1;17;17;0;Акционерное общество «Терра Аури»;7706715003;1;0
2612804118;1;26;26;0;ОБЩЕСТВО С ОГРАНИЧЕННОЙ ОТВЕТСТВЕННОСТЬЮ АРЧСТРОЙ;7728434944;1;0
2612804120;1;57;57;0;ОБЩЕСТВО С ОГРАНИЧЕННОЙ ОТВЕТСТВЕННОСТЬЮ АВТОТРЕЙД;7715488445;0;0
2612804127;1;13;13;0;ОБЩЕСТВО С ОГРАНИЧЕННОЙ ОТВЕТСТВЕННОСТЬЮ ЭКОКОНТИНЕНТ;7708315272;1;0
2612804128;1;65;61;3;ОБЩЕСТВО С ОГРАНИЧЕННОЙ ОТВЕТСТВЕННОСТЬЮ ЦЕНТР ОХРАНЫ ТРУДА КЕДР;4217090487;1;0
2612804130;1;25;25;0;Общество с ограниченной ответственностью «ФЕНСКОМАН»;7713553160;1;0
2612804131;1;39;39;0;Общество с ограниченной ответственностью Альянс Экспресс;7717736213;1;0
2612804132;1;11;11;0;Общества с ограниченной ответственностью СПЕЦМОНТАЖ;7720375278;1;0
2612804133;1;2;2;0;ОБЩЕСТВО С ОГРАНИЧЕННОЙ ОТВЕТСТВЕННОСТЬЮ ФУД СЕРВИС;6027177856;1;0
2612804134;1;54;54;0;ОБЩЕСТВО С ОГРАНИЧЕННОЙ ОТВЕТСТВЕННОСТЬЮ НАУЧНОПРОИЗВОДСТВЕННЫЙ ЦЕНТР НОВАТРАНС;6659188267;1;0
2612804135;1;46;46;0;ОБЩЕСТВО С ОГРАНИЧЕННОЙ ОТВЕТСТВЕННОСТЬЮ НПК МЕДИАНА;7729756165;1;0
2612804140;1;16;16;0;ООО ОПТСИТИ;9715317235;0;0
2612804141;1;22;22;0;ОБЩЕСТВО С ОГРАНИЧЕННОЙ ОТВЕТСТВЕННОСТЬЮ КРЕАТИВ ПРОДАКШН;7709878655;1;0
2612804142;1;29;29;0;ОБЩЕСТВО С ОГРАНИЧЕННОЙ ОТВЕТСТВЕННОСТЬЮ ЦИТАДЕЛЬ;5752070042;1;0
2612804143;1;62;59;3;ОБЩЕСТВО С ОГРАНИЧЕННОЙ ОТВЕТСТВЕННОСТЬЮ ГАЛЕНМЕД;7705869949;1;0
2612804146;1;20;20;0;ОБЩЕСТВО С ОГРАНИЧЕННОЙ ОТВЕТСТВЕННОСТЬЮ РАКУРСС;7714714331;1;0
2612804147;1;2;2;0;ОБЩЕСТВО С ОГРАНИЧЕННОЙ ОТВЕТСТВЕННОСТЬЮ ПОЖСЕРВИС;7733759440;1;0
2612804148;1;54;54;0;ОБЩЕСТВО С ОГРАНИЧЕННОЙ ОТВЕТСТВЕННОСТЬЮ ХРАПУНОВСКИЙ ИНСТРУМЕНТАЛЬНЫЙ ЗАВОД;7723908527;1;0
2612804149;1;4;4;0;"ОБЩЕСТВО С ОГРАНИЧЕННОЙ
ОТВЕТСТВЕННОСТЬЮ РОТЭРИСС";7733861388;0;0
2612804150;1;4;3;1;Общество с Ограниченной ОтветственностьюСмитДИЗАЙН;5024110114;1;0
2612804153;1;22;22;0;Общество с ограниченной ответственностью Строительная индустрия;1215120187;1;0
2612804154;1;38;38;0;ОБЩЕСТВО С ОГРАНИЧЕННОЙ ОТВЕТСТВЕННОСТЬЮ ПК ПРОМОУШЕН;7714995153;1;0
2612804156;1;22;22;0;Акционерное общество «Москапремонт»;7719592736;0;0
2612804159;1;63;60;3;ОБЩЕСТВО С ОГРАНИЧЕННОЙ ОТВЕТСТВЕННОСТЬЮ ВИСТЛАН;7736542220;0;0
2612804161;1;20;20;0;ОБЩЕСТВО С ОГРАНИЧЕННОЙ ОТВЕТСТВЕННОСТЬЮ УМНОЕ ВРЕМЯ;7725839491;1;0
2612804162;1;56;56;0;ОБЩЕСТВО С ОГРАНИЧЕННОЙ ОТВЕТСТВЕННОСТЬЮ СЕЛЬСКОХОЗЯЙСТВЕННОЕ ПРЕДПРИЯТИЕ КОРНИ;7123027750;1;0
2612804163;1;28;28;0;Общество с ограниченной ответственностью «ДатаДом»;7722398513;1;0
2612804164;1;49;49;0;ОБЩЕСТВО С ОГРАНИЧЕННОЙ ОТВЕТСТВЕННОСТЬЮ ВИДЕОЗВУК;7716856885;1;0
2612804165;1;1;1;0;ОБЩЕСТВО С ОГРАНИЧЕННОЙ ОТВЕТСТВЕННОСТЬЮ АВТОПЛЮС;5017100436;1;0
2612804166;1;43;43;0;ОБЩЕСТВО С ОГРАНИЧЕННОЙ ОТВЕТСТВЕННОСТЬЮ ЦЕНТР ИНЖЕНЕРНЫХ СИСТЕМ ИНТЕГРАЦИЯ;7719675630;0;0
2612804168;1;70;67;3;ОБЩЕСТВО С ОГРАНИЧЕННОЙ ОТВЕТСТВЕННОСТЬЮ СТРОЙСПЕЦГРУПП;7731433203;1;0
2612804170;1;11;11;0;Общество с ограниченной ответственностью Волгаклининг;2130182309;0;0
2612804171;1;37;37;0;ОБЩЕСТВО С ОГРАНИЧЕННОЙ ОТВЕТСТВЕННОСТЬЮ ГЛОБАЛПРОФ;7717502053;1;0
2612804172;1;67;64;3;АВТОНОМНАЯ НЕКОММЕРЧЕСКАЯ ОРГАНИЗАЦИЯ ДОСУГОВЫЙ ЦЕНТР ЮНА;7713428401;0;0
2612804173;1;21;21;0;Общество с ограниченной ответственностью «ПОЛЮС»;7722315250;0;0
2612804177;1;54;54;0;Общество с ограниченной ответственностью ЭД ОПУС;9715274817;1;0
2612804178;1;40;40;0;ООО «ИРЛАНДСТРОЙ»;7704696958;1;0
2612804179;1;54;54;0;ОБЩЕСТВО С ОГРАНИЧЕННОЙ ОТВЕТСТВЕННОСТЬЮ ЛЕРА;7720290190;1;0
2612804182;1;31;31;0;ОБЩЕСТВО С ОГРАНИЧЕННОЙ ОТВЕТСТВЕННОСТЬЮ ДЕЗАЛЬЯНС;7743222542;1;0
2612804183;1;58;55;3;ОБЩЕСТВО С ОГРАНИЧЕННОЙ ОТВЕТСТВЕННОСТЬЮ ТОРГОВОСТРОИТЕЛЬНАЯ КОМПАНИЯ АРТЕЛЬ;7729462750;1;0
2612804184;1;48;48;0;ОБЩЕСТВО С ОГРАНИЧЕННОЙ ОТВЕТСТВЕННОСТЬЮ ПРЕСТИЖ КАР ДЕТЕЙЛИНГ;7722408955;0;0
2612804187;1;51;51;0;ОБЩЕСТВО С ОГРАНИЧЕННОЙ ОТВЕТСТВЕННОСТЬЮ МЕДИЦИНСКАЯ ТЕХНИКА И СЕРВИС;7707752015;1;0
2612804189;1;52;52;0;ОБЩЕСТВО С ОГРАНИЧЕННОЙ ОТВЕТСТВЕННОСТЬЮ МОСДОРСЕРВИС;7720794060;1;0
2612804190;1;32;32;0;ОБЩЕСТВО С ОГРАНИЧЕННОЙ ОТВЕТСТВЕННОСТЬЮ АСКООФИС;7720394457;0;0
2612804192;1;26;26;0;ОБЩЕСТВО С ОГРАНИЧЕННОЙ ОТВЕТСТВЕННОСТЬЮ ГЕОТРОНИК;7718752602;1;0
2612804193;1;48;48;0;ОБЩЕСТВО С ОГРАНИЧЕННОЙ ОТВЕТСТВЕННОСТЬЮ КОЕН И БЕЙС;7722557058;1;0
2612804195;1;42;42;0;ОБЩЕСТВО С ОГРАНИЧЕННОЙ ОТВЕТСТВЕННОСТЬЮ МИНИМЕДИА РАША;7730620200;0;0
2612804196;1;55;55;0;ОБЩЕСТВО С ОГРАНИЧЕННОЙ ОТВЕТСТВЕННОСТЬЮ АНЖЕРИН;7714995516;0;0
2612804197;1;19;19;0;ФЕДЕРАЛЬНОЕ ГОСУДАРСТВЕННОЕ УНИТАРНОЕ ПРЕДПРИЯТИЕ ОРДЕНА ТРУДОВОГО КРАСНОГО ЗНАМЕНИ НАУЧНОИССЛЕДОВАТЕЛЬСКИЙ ИНСТИТУТ РАДИО;7709025230;0;1
2612804198;1;39;39;0;Общество с ограниченной ответственностью «Ландшафт Сервис Групп»;7724811790;0;0
2612804199;1;37;37;0;Общества с ограниченной ответственностью «КВЕРТ»;7718797346;1;0
2612804200;1;52;52;0;Общество с ограниченной ответственностью КВАДРО КЛИМАТ;7714299702;1;0
2612804201;1;47;47;0;ОБЩЕСТВО С ОГРАНИЧЕННОЙ ОТВЕТСТВЕННОСТЬЮ ПРОМТЕХ;7722386772;1;0
2612804202;1;69;66;3;ОБЩЕСТВО С ОГРАНИЧЕННОЙ ОТВЕТСТВЕННОСТЬЮ ПРОФРАБОТА;7709770330;1;0
2612804203;1;63;60;3;ОБЩЕСТВО С ОГРАНИЧЕННОЙ ОТВЕТСТВЕННОСТЬЮ ЦЕНТР КАДАСТРОВЫХ УСЛУГ;7704454518;0;0
2612804206;1;42;42;0;ОБЩЕСТВО С ОГРАНИЧЕННОЙ ОТВЕТСТВЕННОСТЬЮ ФЕНЕКС МЕДИА ГРУПП;7730664889;1;0
2612804208;1;16;16;0;ОБЩЕСТВО С ОГРАНИЧЕННОЙ ОТВЕТСТВЕННОСТЬЮ КОМПЛЕКСНЫЕ СТРАТЕГИЧЕСКИЕ РЕШЕНИЯ;1655377560;0;0
2612804209;1;11;11;0;РЕГИОНАЛЬНАЯ ДЕТСКОМОЛОДЕЖНАЯ ОБЩЕСТВЕННАЯ ОРГАНИЗАЦИЯ «СПОРТИВНЫЙ КЛУБ «АЛЬФАБУДО»;7721272860;0;0
2612804210;1;8;8;0;ОБЩЕСТВО С ОГРАНИЧЕННОЙ ОТВЕТСТВЕННОСТЬЮ ЭМЛАБ;5036093343;1;0
2612804212;1;31;31;0;ОБЩЕСТВО С ОГРАНИЧЕННОЙ ОТВЕТСТВЕННОСТЬЮ ВОСТОЧНАЯ СТРОИТЕЛЬНАЯ КОМПАНИЯ;3307022585;1;0
2612804213;1;68;65;3;ОБЩЕСТВО С ОГРАНИЧЕННОЙ ОТВЕТСТВЕННОСТЬЮ ТВИДЕМ;7734675000;1;0
2612804214;1;66;63;3;ОБЩЕСТВО С ОГРАНИЧЕННОЙ ОТВЕТСТВЕННОСТЬЮ ИНЖЕНЕРНЫЙ ЦЕНТР ИНЖТЕХЛИФТ;6317053387;1;0
2612804215;1;68;65;3;ОБЩЕСТВО С ОГРАНИЧЕННОЙ ОТВЕТСТВЕННОСТЬЮ ПАНИМПЭКС;7722693773;1;0
2612804216;1;67;64;3;ОБЩЕСТВО С ОГРАНИЧЕННОЙ ОТВЕТСТВЕННОСТЬЮ ТВСТРОЙ;7715711904;1;0
2612804217;1;21;21;0;Межтерриториальная коллегия адвокатов «Клишин и Партнеры г. Москва»;7701341019;0;0
2612804222;1;5;5;0;ОБЩЕСТВО С ОГРАНИЧЕННОЙ ОТВЕТСТВЕННОСТЬЮ ХОТЕЛСТАРТАП;7714949661;1;0
2612804225;1;38;38;0;ОБЩЕСТВО С ОГРАНИЧЕННОЙ ОТВЕТСТВЕННОСТЬЮ КЛИНИНГ ГРУПП;7731483571;1;0
2612804226;1;68;65;3;ОБЩЕСТВО С ОГРАНИЧЕННОЙ ОТВЕТСТВЕННОСТЬЮ ПРАНАЭКО;9710030790;1;0
2612804227;1;43;43;0;Общество с ограниченной ответственностью «Троицкий Торговый Дом»;7751007115;1;0
2612804231;1;55;55;0;ОБЩЕСТВО С ОГРАНИЧЕННОЙ ОТВЕТСТВЕННОСТЬЮ МИЛЛЕНИУМСТРОЙ;7743216154;1;0
2612804232;1;11;11;0;ОБЩЕСТВО С ОГРАНИЧЕННОЙ ОТВЕТСТВЕННОСТЬЮ РУСКЕЙР;9718107892;1;0
2612804233;1;55;55;0;ОБЩЕСТВО С ОГРАНИЧЕННОЙ ОТВЕТСТВЕННОСТЬЮ ВКУС ЛАТТЕ;7708806425;1;0
2612804234;1;16;16;0;ОБЩЕСТВО С ОГРАНИЧЕННОЙ ОТВЕТСТВЕННОСТЬЮ ТИПОГРАФИЯ НОВА ПАБЛИШ;9705060904;1;0
2612804235;1;46;46;0;ОБЩЕСТВО С ОГРАНИЧЕННОЙ ОТВЕТСТВЕННОСТЬЮ ТЕПЛОВОДОКОНТРОЛЬ;7718983060;1;0
2612804236;1;4;3;1;ОБЩЕСТВО С ОГРАНИЧЕННОЙ ОТВЕТСТВЕННОСТЬЮ ГРУППА КОМПАНИЙ МОНОЛИТКОММЕРЦ;9718084229;1;0
2612804238;1;41;41;0;ОБЩЕСТВО С ОГРАНИЧЕННОЙ ОТВЕТСТВЕННОСТЬЮ АРВ ТРЕЙДИНГ;7719456035;1;0
2612804239;1;26;26;0;НЕКОММЕРЧЕСКАЯ ОРГАНИЗАЦИЯ ФОНД РАЗВИТИЯ ЦЕНТРА РАЗРАБОТКИ И КОММЕРЦИАЛИЗАЦИИ НОВЫХ ТЕХНОЛОГИЙ;7701058410;0;0
2612804242;1;61;58;3;ОБЩЕСТВО С ОГРАНИЧЕННОЙ ОТВЕТСТВЕННОСТЬЮ ТД ГРОС;6684018646;1;0
2612804243;1;15;15;0;Общество с ограниченной ответственностью Пермиловские воды;2901136716;1;0
2612804246;1;62;59;3;ОБЩЕСТВО С ОГРАНИЧЕННОЙ ОТВЕТСТВЕННОСТЬЮ ИНДУКСИСТЕМЫ;7725493691;0;0
2612804249;1;11;11;0;ОБЩЕСТВО С ОГРАНИЧЕННОЙ ОТВЕТСТВЕННОСТЬЮ РОСКОШЬ В КАМНЕ;7705555220;1;0
2612804251;1;17;17;0;ОБЩЕСТВО С ОГРАНИЧЕННОЙ ОТВЕТСТВЕННОСТЬЮ ВИКОНТ;7715793590;1;0
2612804255;1;42;42;0;ОБЩЕСТВО С ОГРАНИЧЕННОЙ ОТВЕТСТВЕННОСТЬЮ ЭНТВУРФ;7814665670;1;0
2612804256;1;57;57;0;ОБЩЕСТВО С ОГРАНИЧЕННОЙ ОТВЕТСТВЕННОСТЬЮ ПАРИТЕТ СТРОЙ;7839062610;0;0
2612804258;1;50;50;0;Акционерное общество «Страховое общество газовой промышленности»;7736035485;0;0
2612804261;1;59;56;3;Общество с ограниченной ответственностью НЕЙРОГРУПП;7734397930;1;0
2612804263;1;60;57;3;ОБЩЕСТВО С ОГРАНИЧЕННОЙ ОТВЕТСТВЕННОСТЬЮ М.В.Ф.;7734569354;1;0
2612804264;1;49;49;0;ООО ГРАНД;7727851536;1;0
2612804267;1;62;59;3;ОБЩЕСТВО С ОГРАНИЧЕННОЙ ОТВЕТСТВЕННОСТЬЮ РЕМТОРГСЕРВИС;9729057957;1;0
2612804268;1;61;58;3;ОБЩЕСТВО С ОГРАНИЧЕННОЙ ОТВЕТСТВЕННОСТЬЮ КРОН;7704351625;1;0
2612804275;1;45;45;0;Общество с ограниченной ответственностью ЧИСТАЯ СИЛА;7728636757;0;0
2612804277;1;70;67;3;Общество с ограниченной ответственностью АЛЬПАКОРД;9715315693;1;0
2612804280;1;25;25;0;ОБЩЕСТВО С ОГРАНИЧЕННОЙ ОТВЕТСТВЕННОСТЬЮ МРСОЮЗ;7733855063;0;0
2612804285;1;36;36;0;ОБЩЕСТВО С ОГРАНИЧЕННОЙ ОТВЕТСТВЕННОСТЬЮ АЙТИ ТЕМА;7713460469;1;0
2612804287;1;36;36;0;ОБЩЕСТВО С ОГРАНИЧЕННОЙ ОТВЕТСТВЕННОСТЬЮ ЛАБОРАТОРИЯ ИКТ;7722696982;1;0
2612804289;1;64;61;3;ОБЩЕСТВО С ОГРАНИЧЕННОЙ ОТВЕТСТВЕННОСТЬЮ КБ НИТАР;7715886083;1;0
2612804291;1;31;31;0;ОБЩЕСТВО С ОГРАНИЧЕННОЙ ОТВЕТСТВЕННОСТЬЮ ТРИАДА ЭКСПЕРТ;5045042497;1;0
2612804293;1;9;9;0;ОБЩЕСТВО С ОГРАНИЧЕННОЙ ОТВЕТСТВЕННОСТЬЮ РОДОНИТ;7743232491;1;0
2612804298;1;37;37;0;АССОЦИАЦИЯ ИСПЫТАТЕЛЬНЫЙ ЦЕНТР ВИСТИ;7713429740;0;0
2612804299;1;43;43;0;Общество с ограниченной ответственностью «Сервис Миллениум»;7702719977;1;0
2612804300;1;43;43;0;Общество с ограниченной ответственностью «Софт Билдинг»;7839399170;1;0
2612804303;1;39;39;0;Общества с ограниченной ответственностью САНРУМ;5003074320;0;0
2612804304;1;2;2;0;ОБЩЕСТВО С ОГРАНИЧЕННОЙ ОТВЕТСТВЕННОСТЬЮ ЭКОЭНЕРГО;6164014050;1;0
2612804310;1;53;53;0;ОБЩЕСТВО С ОГРАНИЧЕННОЙ ОТВЕТСТВЕННОСТЬЮ ГЕРБЕРА;6950168965;1;0
2612804312;1;32;32;0;ОБЩЕСТВО С ОГРАНИЧЕННОЙ ОТВЕТСТВЕННОСТЬЮ ФАРМАЦЕВТИЧЕСКАЯ КОМПАНИЯ ТРИУМФ;6671439855;1;0
2612804313;1;9;9;0;ОБЩЕСТВО С ОГРАНИЧЕННОЙ ОТВЕТСТВЕННОСТЬЮ ПРАЙМ ЭКСПРЕСС;7734406350;1;0
2612804314;1;31;31;0;ОБЩЕСТВО С ОГРАНИЧЕННОЙ ОТВЕТСТВЕННОСТЬЮ БЮРО ПЕРЕВОДОВ ПФЛ;9705114109;1;0
2612804315;1;44;44;0;ОБЩЕСТВО С ОГРАНИЧЕННОЙ ОТВЕТСТВЕННОСТЬЮ АТРСЕРВИС;7733700905;1;0
2612804316;1;6;6;0;Общество с ограниченной ответственностью Дельта Кидс;7715780947;0;0
2612804320;1;8;8;0;АКЦИОНЕРНОЕ ОБЩЕСТВО СТАФФ СТАНДАРТ;9718101989;0;0
2612804321;1;17;17;0;Общества с ограниченной ответственностью ЖилСервис Фон;7743845554;1;0
2612804324;1;52;52;0;Общество с ограниченной ответственностью НордИнвест;7718228413;1;0
2612804325;1;42;42;0;ОБЩЕСТВО С ОГРАНИЧЕННОЙ ОТВЕТСТВЕННОСТЬЮ КОРАС;7725793007;1;0
2612804327;1;34;34;0;ОБЩЕСТВО С ОГРАНИЧЕННОЙ ОТВЕТСТВЕННОСТЬЮ ДКСТРОЙ;7726715234;1;0
2612804328;1;5;5;0;Общество с ограниченной ответственностью Роботкомп Корп;5047174964;1;0
2612804329;1;22;22;0;ОБЩЕСТВО С ОГРАНИЧЕННОЙ ОТВЕТСТВЕННОСТЬЮ ПАРМА ЭКО;9723048561;0;0
2612804330;1;8;8;0;ОБЩЕСТВО С ОГРАНИЧЕННОЙ ОТВЕТСТВЕННОСТЬЮ ТОПСТРОЙ;9723031504;1;0
2612804332;1;30;30;0;ОБЩЕСТВО С ОГРАНИЧЕННОЙ ОТВЕТСТВЕННОСТЬЮ САРОССВЕТ М;7721545204;1;0
2612804333;1;37;37;0;Автономная некоммерческая организация дополнительного профессионального образования «ПЕТЕРБУРГСКИЙ МЕЖДУНАРОДНЫЙ ЦЕНТР ЛАНДШАФТНОГО ИСКУССТВА «ЗЕЛНАЯ СТРЕЛА»;7841291150;0;0
2612804335;1;39;39;0;ОБЩЕСТВО С ОГРАНИЧЕННОЙ ОТВЕТСТВЕННОСТЬЮ МЕГАГРУПП;9717018311;1;0
2612804337;1;34;34;0;ОБЩЕСТВО С ОГРАНИЧЕННОЙ ОТВЕТСТВЕННОСТЬЮ АГЕНТСТВО КОНКУРЕНТНЫХ ЗАКУПОК ЦЕННЫЙ КОНТРАКТ;7705350254;1;0
2612804338;1;64;61;3;ОБЩЕСТВО С ОГРАНИЧЕННОЙ ОТВЕТСТВЕННОСТЬЮ ВИДОР;7729504721;1;0
2612804339;1;14;14;0;ОБЩЕСТВО С ОГРАНИЧЕННОЙ ОТВЕТСТВЕННОСТЬЮ АЛЬЯНСАВТО;5040064546;1;0
2612804341;1;44;44;0;Общество с ограниченной ответственностью «МИРОСЛАВ»;7017403240;1;0
2612804342;1;65;61;3;ОБЩЕСТВО С ОГРАНИЧЕННОЙ ОТВЕТСТВЕННОСТЬЮ СТРОЙСНАБ;7722461966;0;0
2612804343;1;11;11;0;ОБЩЕСТВО С ОГРАНИЧЕННОЙ ОТВЕТСТВЕННОСТЬЮ ТЕХНОРЕСУРС;7743239970;1;0
2612804345;1;10;10;0;ОБЩЕСТВО С ОГРАНИЧЕННОЙ ОТВЕТСТВЕННОСТЬЮ СТРОЙПОСТАВКА;5009056896;0;0
2612804346;1;48;48;0;ОБЩЕСТВО С ОГРАНИЧЕННОЙ ОТВЕТСТВЕННОСТЬЮ КАРО ФИЛЬМ МЕНЕДЖМЕНТ;7702552238;0;0
2612804347;1;20;20;0;ФЕДЕРАЛЬНОЕ КАЗЕННОЕ УЧРЕЖДЕНИЕ ИСПРАВИТЕЛЬНАЯ КОЛОНИЯ № 1 УПРАВЛЕНИЯ ФЕДЕРАЛЬНОЙ СЛУЖБЫ ИСПОЛНЕНИЯ НАКАЗАНИЙ ПО ЯРОСЛАВСКОЙ ОБЛАСТИ;7603014052;0;1
2612804349;1;67;64;3;ОБЩЕСТВО С ОГРАНИЧЕННОЙ ОТВЕТСТВЕННОСТЬЮ ПРОМФОРМАТ;7720706508;1;0
2612804350;1;31;31;0;ОБЩЕСТВО С ОГРАНИЧЕННОЙ ОТВЕТСТВЕННОСТЬЮ РОЕЛДИ;7723809893;1;0
2612804351;1;19;19;0;ОБЩЕСТВО С ОГРАНИЧЕННОЙ ОТВЕТСТВЕННОСТЬЮ ТЕХАГРОСНАБ;6450098082;0;0
2612804352;1;9;9;0;ОБЩЕСТВО С ОГРАНИЧЕННОЙ ОТВЕТСТВЕННОСТЬЮ МЕДТОРГ;4027125597;1;0
2612804353;1;29;29;0;ОБЩЕСТВО С ОГРАНИЧЕННОЙ ОТВЕТСТВЕННОСТЬЮ АЗАЛИЯ ЛАНДШАФТ;5027268050;1;0
2612804354;1;37;37;0;ОБЩЕСТВО С ОГРАНИЧЕННОЙ ОТВЕТСТВЕННОСТЬЮ ГЛАВНОЕ УПРАВЛЕНИЕ БТИ24;7729462694;1;0
2612804355;1;67;64;3;Общество с ограниченной ответственностью Союз;7709964495;1;0
2612804356;1;40;40;0;ОБЩЕСТВО С ОГРАНИЧЕННОЙ ОТВЕТСТВЕННОСТЬЮ СУПЕР МАРИН;7724906628;1;0
2612804358;1;11;11;0;ОБЩЕСТВО С ОГРАНИЧЕННОЙ ОТВЕТСТВЕННОСТЬЮ РОДНОЙ КРАЙ;5024164110;1;0
2612804360;1;23;23;0;ОБЩЕСТВО С ОГРАНИЧЕННОЙ ОТВЕТСТВЕННОСТЬЮ РУС;7743790506;1;0
2612804362;1;19;19;0;Общество с ограниченной ответственностью Ф35;7701390841;0;0
2612804363;1;40;40;0;Общество с ограниченной ответственностью «КАПЭКС-СФ»;5027114861;0;0
2612804364;1;35;35;0;ОБЩЕСТВО С ОГРАНИЧЕННОЙ ОТВЕТСТВЕННОСТЬЮ ФОРМУЛА НАСТРОЕНИЯ;7724350404;1;0
2612804365;1;66;63;3;ОБЩЕСТВО С ОГРАНИЧЕННОЙ ОТВЕТСТВЕННОСТЬЮ ЭКОСТРОНГ;6949011575;0;0
2612804367;1;21;21;0;Общество с ограниченной ответственностью Астек;7727779777;0;0
2612804370;1;25;25;0;ОБЩЕСТВО С ОГРАНИЧЕННОЙ ОТВЕТСТВЕННОСТЬЮ СИТИ М;7727356860;1;0
2612804371;1;63;60;3;ООО «База»;6102027027;1;0
2612804372;1;39;39;0;Жилищностроительный кооператив работников Министерства Внешней Торговли Внешторговец№2;7730010188;1;0
2612804373;1;36;36;0;ОБЩЕСТВО С ОГРАНИЧЕННОЙ ОТВЕТСТВЕННОСТЬЮ ИНЖИНИРИНГ ГРУПП;7731553525;0;0
2612804374;1;52;52;0;АВТОНОМНАЯ НЕКОММЕРЧЕСКАЯ ОРГАНИЗАЦИЯ В ОБЛАСТИ СОЦИАЛЬНОЙ СФЕРЫ «НОВЫЕ СОЦИАЛЬНЫЕ ТЕХНОЛОГИИ»;7728394402;0;0
2612804375;1;12;12;0;ОБЩЕСТВО С ОГРАНИЧЕННОЙ ОТВЕТСТВЕННОСТЬЮ ЭНЕРГОСЕРВИС;7816652109;1;0
2612804378;1;34;34;0;Общество с ограниченной ответственностью СК ПОБЕДА;7728242209;1;0
2612804379;1;8;8;0;Общество с ограниченной ответственностью Общество с ограниченной ответственностью Ассомедика;7810856498;0;0
2612804380;1;43;43;0;ОБЩЕСТВО С ОГРАНИЧЕННОЙ ОТВЕТСТВЕННОСТЬЮ КАПИТАЛСТРОЙ;7720791126;0;0
2612804381;1;11;11;0;ОБЩЕСТВО С ОГРАНИЧЕННОЙ ОТВЕТСТВЕННОСТЬЮ НАУЧНОПРОИЗВОДСТВЕННОЕ ОБЪЕДИНЕНИЕ ЗООФОНД;5044069866;1;0
2612804383;1;70;67;3;ОБЩЕСТВО С ОГРАНИЧЕННОЙ ОТВЕТСТВЕННОСТЬЮ ФСГ СТРОНТ;7707725117;1;0
2612804384;1;31;31;0;ОБЩЕСТВО С ОГРАНИЧЕННОЙ ОТВЕТСТВЕННОСТЬЮ ЭКСПОПАРК ВЫСТАВОЧНЫЕ ПРОЕКТЫ;7736186460;1;0
2612804385;1;2;2;0;ОБЩЕСТВО С ОГРАНИЧЕННОЙ ОТВЕТСТВЕННОСТЬЮ ТОРГОВЫЙ ДОМ СЕВЕРОЗАПАДНЫЙ;7825444144;0;0
2612804386;1;65;61;3;ФОНД ПОДДЕРЖКИ СЕМЬИ И ДЕТЕЙ ХРАНИТЕЛИ ДЕТСТВА;7734746677;0;0
2612804389;1;59;56;3;ОБЩЕСТВО С ОГРАНИЧЕННОЙ ОТВЕТСТВЕННОСТЬЮ РДП;7714854120;1;0
2612804392;1;9;9;0;Общество с ограниченной ответственностью ЛАВАРСАН;7725768410;1;0
2612804393;1;27;27;0;ОБЩЕСТВО С ОГРАНИЧЕННОЙ ОТВЕТСТВЕННОСТЬЮ СТИКЛ ПОЛИМЕР;7735162280;0;0
2612804395;1;27;27;0;ОБЩЕСТВО С ОГРАНИЧЕННОЙ ОТВЕТСТВЕННОСТЬЮ АМ ХОЛОД;9718080344;0;0
2612804396;1;47;47;0;ОБЩЕСТВО С ОГРАНИЧЕННОЙ ОТВЕТСТВЕННОСТЬЮ НАШАОСНАСТКА;9718018787;0;0
2612804397;1;54;54;0;ОБЩЕСТВО С ОГРАНИЧЕННОЙ ОТВЕТСТВЕННОСТЬЮ ИСКАР;7709702972;0;0
2612804398;1;22;22;0;ОБЩЕСТВО С ОГРАНИЧЕННОЙ ОТВЕТСТВЕННОСТЬЮ ПЕНТА;7707536462;1;0
2612804399;1;57;57;0;Региональная благотворительная общественная организация поддержки и развития образовательных проектов Дважды Два;7727499040;0;0
2612804400;1;60;57;3;ОБЩЕСТВО С ОГРАНИЧЕННОЙ ОТВЕТСТВЕННОСТЬЮ МОСКОВСКАЯ МЕДИЦИНА;7725374630;1;0
2612804406;1;14;14;0;АКЦИОНЕРНОЕ ОБЩЕСТВО СОВРЕМЕННЫЕ НАУКОЕМКИЕ ТЕХНОЛОГИИ;7707627769;1;0
2612804412;1;7;7;0;ОБЩЕСТВО С ОГРАНИЧЕННОЙ ОТВЕТСТВЕННОСТЬЮ ЭВЕРЕСТ КОНСАЛТИНГ;7707738620;1;0
2612804413;1;45;45;0;ОБЩЕСТВО С ОГРАНИЧЕННОЙ ОТВЕТСТВЕННОСТЬЮ ТСК ГРАДОСТРОЙ ХОЛДИНГ;7725737443;1;0
2612804415;1;15;15;0;ОБЩЕСТВО С ОГРАНИЧЕННОЙ ОТВЕТСТВЕННОСТЬЮ ТК МАГНУМ ОЙЛ;7705526892;0;0
2612804417;1;39;39;0;Общества с ограниченной ответственностью ПРОФДВЕРЬ;5020080780;0;0
2612804418;1;67;64;3;ОБЩЕСТВО С ОГРАНИЧЕННОЙ ОТВЕТСТВЕННОСТЬЮ СТРОЙТРЕСТ;7719798222;1;0
2612804421;1;65;61;3;Общества с ограниченной ответственностью БРИЗ;7604278650;1;0
2612804423;1;23;23;0;Некоммерческая организация Московская областная коллегия адвокатов;7719115300;0;0
2612804424;1;25;25;0;Общество с ограниченной ответственностью РУБЕЖИ;7734628401;0;0
2612804426;1;58;55;3;ОБЩЕСТВО С ОГРАНИЧЕННОЙ ОТВЕТСТВЕННОСТЬЮ СТК АМСТРОЙ;7721794120;1;0
2612804427;1;68;65;3;ООО ТД ПРИРОДНЫЙ ДАР;7722385218;1;0
2612804428;1;10;10;0;ОБЩЕСТВО С ОГРАНИЧЕННОЙ ОТВЕТСТВЕННОСТЬЮ ТОРГОВОПРОМЫШЛЕННАЯ КОМПАНИЯ МАНОМЕТР;7017397759;1;0
2612804429;1;12;12;0;Закрытое акционерное общество «СоюзЛес»;7711012133;1;0
2612804430;1;56;56;0;Общество с ограниченной ответственностью «Поставщик 77»;7734412473;0;0
2612804431;1;58;55;3;ОБЩЕСТВО С ОГРАНИЧЕННОЙ ОТВЕТСТВЕННОСТЬЮ МИСТЕР ПИКСЕЛЬ;7724394553;1;0
2612804432;1;25;25;0;ОБЩЕСТВО С ОГРАНИЧЕННОЙ ОТВЕТСТВЕННОСТЬЮ СИГНАЛ-БЕЗОПАСНОСТЬ+;7728522527;1;0
2612804433;1;66;63;3;ОБЩЕСТВО С ОГРАНИЧЕННОЙ ОТВЕТСТВЕННОСТЬЮ ФИРМА РУССТРОЙМОНТАЖ;5020076254;1;0
2612804435;1;23;23;0;Общество с ограниченной ответственностью КРИАЛ;7702377410;1;0
2612804436;1;61;58;3;ООО ЛЕОН ГРУПП;2315134925;1;0
2612804439;1;38;38;0;ОБЩЕСТВО С ОГРАНИЧЕННОЙ ОТВЕТСТВЕННОСТЬЮ ЧАСТНОЕ ОХРАННОЕ ПРЕДПРИЯТИЕ ШЕРИФВИП;7703334190;1;0
2612804440;1;28;28;0;ОБЩЕСТВО С ОГРАНИЧЕННОЙ ОТВЕТСТВЕННОСТЬЮ ЦЕНТР ВНЕДРЕНИЯ ДОКУМЕНТООБОРОТА;7728668413;1;0
2612804441;1;58;55;3;ОБЩЕСТВО С ОГРАНИЧЕННОЙ ОТВЕТСТВЕННОСТЬЮ ШОРТФИЛМ;7723920940;1;0
2612804442;1;47;47;0;Общество с ограниченной ответственностью МПСОЮЗ;9701120849;0;0
2612804444;1;2;2;0;Общество с ограниченной ответственностью «СитиБизнесСтрой»;7715642312;0;0
2612804445;1;27;27;0;Закрытое акционерное общество Процессинговый центр КАРТСТАНДАРТ;5407192601;0;0
2612804447;1;10;10;0;Общество с ограниченной ответственностью ТМГСнабжение;7706793668;0;0
2612804451;1;65;61;3;ОБЩЕСТВО С ОГРАНИЧЕННОЙ ОТВЕТСТВЕННОСТЬЮ ЭКСПРЕССТРОЙ;7721455110;1;0
2612804453;1;34;34;0;ОБЩЕСТВО С ОГРАНИЧЕННОЙ ОТВЕТСТВЕННОСТЬЮ ЧАСТНОЕ ОХРАННОЕ ПРЕДПРИЯТИЕ РИТМ;7716528193;0;0
2612804454;1;62;59;3;ОБЩЕСТВО С ОГРАНИЧЕННОЙ ОТВЕТСТВЕННОСТЬЮ СВМ ГРУПП;5018190560;1;0
2612804455;1;17;17;0;Общество с ограниченной ответственностью Нордриал;7801632445;0;0
2612804459;1;36;36;0;ОБЩЕСТВО С ОГРАНИЧЕННОЙ ОТВЕТСТВЕННОСТЬЮ ИМПУЛЬС ЗНАК;5032280695;1;0
2612804461;1;29;29;0;АВТОНОМНАЯ НЕКОММЕРЧЕСКАЯ ОРГАНИЗАЦИЯ ЦЕНТР СПОРТА, ТВОРЧЕСТВА, ИНТЕЛЛЕКТУАЛЬНОГО РАЗВИТИЯ И СОЦИАЛЬНОЙ ПОДДЕРЖКИ МАЛООБЕСПЕЧЕННЫХ КАТЕГОРИЙ ГРАЖДАН АТМОСФЕРА;7729491656;0;0
2612804464;1;2;2;0;Общество с ограниченной ответственностью МедиПол;7725849563;0;0
2612804466;1;23;23;0;ОБЩЕСТВО С ОГРАНИЧЕННОЙ ОТВЕТСТВЕННОСТЬЮ ЦЭСКО;7701745156;1;0
2612804467;1;68;65;3;Общество с ограниченной ответственностью ТекТон;7714881558;1;0
2612804468;1;33;33;0;ОБЩЕСТВО С ОГРАНИЧЕННОЙ ОТВЕТСТВЕННОСТЬЮ ВЕРТРО;7728692222;1;0
2612804469;1;45;45;0;Общество с ограниченной ответственностью Славеника;6234077850;1;0
2612804470;1;31;31;0;Общество с ограниченной ответственностью «Альянс»;7723758913;1;0
2612804471;1;20;20;0;ОБЩЕСТВО С ОГРАНИЧЕННОЙ ОТВЕТСТВЕННОСТЬЮ ОПТА;7708768402;1;0
2612804474;1;10;10;0;ОБЩЕСТВО С ОГРАНИЧЕННОЙ ОТВЕТСТВЕННОСТЬЮ ПАРАПЕТТО;7734406896;1;0
2612804475;1;53;53;0;ОБЩЕСТВО С ОГРАНИЧЕННОЙ ОТВЕТСТВЕННОСТЬЮ АЛЬЯНС СТРОИТЕЛЕЙ;3662249958;1;0
2612804478;1;13;13;0;ОБЩЕСТВО С ОГРАНИЧЕННОЙ ОТВЕТСТВЕННОСТЬЮ РВД СИСТЕМС;7726424845;1;0
2612804480;1;56;56;0;АО «Скай Капитал»;7704451605;0;0
2612804481;1;62;59;3;ОБЩЕСТВО С ОГРАНИЧЕННОЙ ОТВЕТСТВЕННОСТЬЮ ЮРИДИЧЕСКОЕ БЮРО ФОРМУЛА ПРАВА;7728349777;1;0
2612804482;1;13;13;0;ОБЩЕСТВО С ОГРАНИЧЕННОЙ ОТВЕТСТВЕННОСТЬЮ КЛИНМАСТЕР;7729487730;1;0
2612804483;1;29;29;0;ОБЩЕСТВО С ОГРАНИЧЕННОЙ ОТВЕТСТВЕННОСТЬЮ ТОРГОВЫЙ ДОМ ЛОКУСТЦЕНТР;9715289549;1;0
2612804485;1;26;26;0;Оганесов Сергей Адольфович;5,75405E+11;0;0
2612804487;1;22;22;0;ОБЩЕСТВО С ОГРАНИЧЕННОЙ ОТВЕТСТВЕННОСТЬЮ ДЕКОС;5048048987;0;0
2612804488;1;10;10;0;ОБЩЕСТВО С ОГРАНИЧЕННОЙ ОТВЕТСТВЕННОСТЬЮ ГИККСОГРУПП;7751146856;0;0
2612804491;1;34;34;0;ОБЩЕСТВО С ОГРАНИЧЕННОЙ ОТВЕТСТВЕННОСТЬЮ АРЕНА;5047105449;0;0
2612804496;1;57;57;0;ОБЩЕСТВО С ОГРАНИЧЕННОЙ ОТВЕТСТВЕННОСТЬЮ СТАРТКОМ;5047034325;1;0
2612804499;1;6;6;0;Общества с ограниченной ответственностью Торговый дом Шатер;7713177405;1;0
2612804502;1;61;58;3;ОБЩЕСТВО С ОГРАНИЧЕННОЙ ОТВЕТСТВЕННОСТЬЮ ТД ОФИКО;7816256546;0;0
2612804505;1;6;6;0;Общества с ограниченной ответственностью СТАР МЕДИА ДИСТРИБЬЮШН;7723633907;0;0
2612804510;1;38;38;0;ОБЩЕСТВО С ОГРАНИЧЕННОЙ ОТВЕТСТВЕННОСТЬЮ АВЕТА;3123184434;0;0
2612804516;1;13;13;0;ОБЩЕСТВО С ОГРАНИЧЕННОЙ ОТВЕТСТВЕННОСТЬЮ МПС;5032253116;1;0
2612804517;1;30;30;0;ОБЩЕСТВО С ОГРАНИЧЕННОЙ ОТВЕТСТВЕННОСТЬЮ ЭНЕРГОТЕХМОНТАЖ 2000;7710328504;1;0
2612804519;1;44;44;0;ОБЩЕСТВО С ОГРАНИЧЕННОЙ ОТВЕТСТВЕННОСТЬЮ ЧАСТНАЯ ПОЖАРНАЯ ОХРАНА;7723406630;1;0
2612804523;1;1;1;0;Благотворительный фонд содействия развитию музыкальной культуры Бельканто;7703578750;0;0
2612804524;1;2;2;0;ОБЩЕСТВО С ОГРАНИЧЕННОЙ ОТВЕТСТВЕННОСТЬЮ ДИД СТРОЙ ПАРК;7751512862;1;0
2612804526;1;28;28;0;ОБЩЕСТВО С ОГРАНИЧЕННОЙ ОТВЕТСТВЕННОСТЬЮ СПЕКТРАГРО;2310187200;1;0
2612804528;1;13;13;0;ЗАКРЫТОЕ АКЦИОНЕРНОЕ ОБЩЕСТВО УРАЛЬСКИЙ ЗАВОД ЭЛАСТОМЕРНЫХ УПЛОТНЕНИЙ;6670078772;1;0
2612804529;1;30;30;0;ОБЩЕСТВО С ОГРАНИЧЕННОЙ ОТВЕТСТВЕННОСТЬЮ ЧАСТНАЯ ОХРАННАЯ ОРГАНИЗАЦИЯ ДЕРЖАВА;5044089485;1;0
2612804530;1;46;46;0;Общество с ограниченной ответственностью ДЕЛЬТА АВТО;5611070353;1;0
2612804531;1;49;49;0;Общество с ограниченной ответственностью «БиоТехСервис»;7715750318;1;0
2612804533;1;18;18;0;ОБЩЕСТВО С ОГРАНИЧЕННОЙ ОТВЕТСТВЕННОСТЬЮ ФОРВАРД;9717021177;1;0
2612804534;1;52;52;0;ОБЩЕСТВО С ОГРАНИЧЕННОЙ ОТВЕТСТВЕННОСТЬЮ СТНЕТС;7725713890;1;0
2612804535;1;29;29;0;Московская коллегия адвокатов Исакова, Бюрчиева и Партнеры;7705521037;0;0
2612804536;1;69;66;3;Общество с ограниченной ответственностью «Энекси»;7725591402;1;0
2612804537;1;5;5;0;ОБЩЕСТВО С ОГРАНИЧЕННОЙ ОТВЕТСТВЕННОСТЬЮ ПАСУРИ;7720421615;1;0
2612804538;1;50;50;0;ОБЩЕСТВО С ОГРАНИЧЕННОЙ ОТВЕТСТВЕННОСТЬЮ НЬЮ ВИСТА;7706290181;1;0
2612804539;1;15;15;0;ОБЩЕСТВО С ОГРАНИЧЕННОЙ ОТВЕТСТВЕННОСТЬЮ МЕДОК;9710058241;1;0
2612804542;1;21;21;0;Филиал «Центр аэронавигационной информации» Федерального государственного унитарного предприятия Государственная корпорация по организации воздушного движения в Российской Федерации»;7734135124;0;1
2612804543;1;19;19;0;ОБЩЕСТВО С ОГРАНИЧЕННОЙ ОТВЕТСТВЕННОСТЬЮ ИНКАП;7604050649;1;0
2612804544;1;16;16;0;Общество с ограниченной ответственностью АВРОРА;7706636249;1;0
2612804546;1;60;57;3;Общество с ограниченной ответственностью УКРАСА;6230097446;0;0
2612804547;1;56;56;0;АКЦИОНЕРНОЕ ОБЩЕСТВО АУДИТОРСКАЯ КОМПАНИЯ ДЕЛОВОЙ ПРОФИЛЬ;7735073914;1;0
2612804552;1;49;49;0;ОБЩЕСТВО С ОГРАНИЧЕННОЙ ОТВЕТСТВЕННОСТЬЮ АВВПРОФИ;7727312950;0;0
2612804554;1;39;39;0;ОБЩЕСТВО С ОГРАНИЧЕННОЙ ОТВЕТСТВЕННОСТЬЮ УРАЛЬСКИЙ МЕЖРЕГИОНАЛЬНЫЙ СЕРТИФИКАЦИОННЫЙ ЦЕНТР;6662068611;1;0
2612804557;1;35;35;0;ОБЩЕСТВО С ОГРАНИЧЕННОЙ ОТВЕТСТВЕННОСТЬЮ ЦЕНТР ИСПЫТАНИЯ, ЭКСПЕРТИЗЫ И СЕРТИФИКАЦИИ БЕЗОПАСНОСТЬ;7811407569;1;0
2612804559;1;31;31;0;ОБЩЕСТВО С ОГРАНИЧЕННОЙ ОТВЕТСТВЕННОСТЬЮ ГРУППА КОМПАНИЙ МАГИК;5263126355;1;0
2612804561;1;39;39;0;ОБЩЕСТВО С ОГРАНИЧЕННОЙ ОТВЕТСТВЕННОСТЬЮ ТК МОСНЕФТЕТРЕЙД;5009093263;1;0
2612804562;1;62;59;3;АВТОНОМНАЯ НЕКОММЕРЧЕСКАЯ ОРГАНИЗАЦИЯ РЕДАКЦИЯ ЖУРНАЛА КРИТИКИ И ЛИТЕРАТУРОВЕДЕНИЯ «ВОПРОСЫ ЛИТЕРАТУРЫ»;7710127340;0;0
2612804565;1;6;6;0;ОБЩЕСТВО С ОГРАНИЧЕННОЙ ОТВЕТСТВЕННОСТЬЮ ПЛАЦЕБО;7801297780;1;0
2612804566;1;51;51;0;ОБЩЕСТВО С ОГРАНИЧЕННОЙ ОТВЕТСТВЕННОСТЬЮ ГРУППА КОМПАНИЙ СТРОЙГАРАНТ;7726686343;0;0
2612804567;1;43;43;0;ОБЩЕСТВО С ОГРАНИЧЕННОЙ ОТВЕТСТВЕННОСТЬЮ ФАЛКОН;7708207284;1;0
2612804568;1;2;2;0;ОБЩЕСТВО С ОГРАНИЧЕННОЙ ОТВЕТСТВЕННОСТЬЮ МАЙС ЛАЙН;7736256325;1;0
2612804571;1;53;53;0;Общество с ограниченной ответственностью МБМ;7820328698;1;0
2612804574;1;45;45;0;ОБЩЕСТВО С ОГРАНИЧЕННОЙ ОТВЕТСТВЕННОСТЬЮ «МАСТЕРСТРОЙ»;7720422841;0;0
2612804578;1;59;56;3;ОБЩЕСТВО С ОГРАНИЧЕННОЙ ОТВЕТСТВЕННОСТЬЮ МИРОВОЙ ИНСТРУМЕНТ;5903069281;1;0
2612804589;1;30;30;0;ОБЩЕСТВО С ОГРАНИЧЕННОЙ ОТВЕТСТВЕННОСТЬЮ РЕКЛАБ СЕЙЛС;7743913236;1;0
2612804590;1;39;39;0;Общество с ограниченной ответственностью ЛидерМ;5029203475;0;0
2612804591;1;63;60;3;ОБЩЕСТВО С ОГРАНИЧЕННОЙ ОТВЕТСТВЕННОСТЬЮ СТАЙЛТАГ;7720827936;1;0
2612804593;1;28;28;0;ОБЩЕСТВО С ОГРАНИЧЕННОЙ ОТВЕТСТВЕННОСТЬЮ НАШТУР;7107549290;1;0
2612804597;1;35;35;0;Общество с ограниченной ответственностью ЭТЦ;5262338727;1;0
2612804599;1;6;6;0;ОБЩЕСТВО С ОГРАНИЧЕННОЙ ОТВЕТСТВЕННОСТЬЮ РПК ЭКСПЕРТУС;7719476553;1;0
2612804602;1;11;11;0;ОБЩЕСТВО С ОГРАНИЧЕННОЙ ОТВЕТСТВЕННОСТЬЮ ЭНДИАЛ ЦЕНТР;7743856771;1;0
2612804604;1;29;29;0;ОБЩЕСТВО С ОГРАНИЧЕННОЙ ОТВЕТСТВЕННОСТЬЮ ОЛД МОНК;7722773595;1;0
2612804605;1;22;22;0;ФЕДЕРАЛЬНОЕ ГОСУДАРСТВЕННОЕ БЮДЖЕТНОЕ ОБРАЗОВАТЕЛЬНОЕ УЧРЕЖДЕНИЕ ВЫСШЕГО ОБРАЗОВАНИЯ КУБАНСКИЙ ГОСУДАРСТВЕННЫЙ МЕДИЦИНСКИЙ УНИВЕРСИТЕТ МИНИСТЕРСТВА ЗДРАВООХРАНЕНИЯ РОССИЙСКОЙ ФЕДЕРАЦИИ;2309023448;0;1
2612804607;1;13;13;0;ОБЩЕСТВО С ОГРАНИЧЕННОЙ ОТВЕТСТВЕННОСТЬЮ РПК ЗПОС;7842070523;1;0
2612804608;1;36;36;0;Общество с ограниченной ответственностью ТП ГРУПП;7705533032;0;0
2612804611;1;5;5;0;Общество с ограниченной ответственностью Эстетик Степ;5032197510;1;0
2612804612;1;28;28;0;Общество с ограниченной ответственностью Саппоро Медикал;4427001395;1;0
2612804613;1;28;28;0;ОБЩЕСТВО С ОГРАНИЧЕННОЙ ОТВЕТСТВЕННОСТЬЮ АЙТИ ЛИГА;7721674810;1;0
2612804614;1;47;47;0;ООО СЕРВИСЮГККМ;2312068671;1;0
2612804616;1;7;7;0;ПУБЛИЧНОЕ АКЦИОНЕРНОЕ ОБЩЕСТВО ЧЕЛЯБИНСКИЙ МЕТАЛЛУРГИЧЕСКИЙ КОМБИНАТ;7450001007;0;0
2612804617;1;20;20;0;ОБЩЕСТВО С ОГРАНИЧЕННОЙ ОТВЕТСТВЕННОСТЬЮ АЕРГРУПП;9701037968;1;0
2612804623;1;55;55;0;ОБЩЕСТВО С ОГРАНИЧЕННОЙ ОТВЕТСТВЕННОСТЬЮ АКАДЕМИЯ ТОРГОВ РУСТЕНДЕР;7705550790;1;0
2612804626;1;8;8;0;ОБЩЕСТВО С ОГРАНИЧЕННОЙ ОТВЕТСТВЕННОСТЬЮ СТРОЙПРОМКОМПЛЕКТ;7720308916;1;0
2612804627;1;56;56;0;ОБЩЕСТВО С ОГРАНИЧЕННОЙ ОТВЕТСВЕННОСТЬЮ ИНВЭРИАНТ;4205178352;1;0
2612804629;1;64;61;3;Общество с ограниченной ответственностью Валрус;7701911773;1;0
2612804630;1;31;31;0;ОБЩЕСТВО С ОГРАНИЧЕННОЙ ОТВЕТСТВЕННОСТЬЮ МЕЖРЕГИОНАЛЬНЫЙ ЦЕНТР ЭКСПЕРТИЗЫ И ОЦЕНКИ;7701775023;1;0
2612804632;1;57;57;0;ОБЩЕСТВО С ОГРАНИЧЕННОЙ ОТВЕТСТВЕННОСТЬЮ АЗОН ИТ;7713694844;1;0
2612804633;1;65;61;3;Общество с ограниченной ответственностью «МСК-Строй»;7721746341;1;0
2612804635;1;8;8;0;Некоммерческое партнерство Горнолыжный клуб Гая Северина;5040062027;0;0
2612804639;1;68;65;3;АКЦИОНЕРНОЕ ОБЩЕСТВО СТРОИТЕЛЬНЫЙ АЛЬЯНС ИНВЕСТ;5003089197;1;0
2612804641;1;33;33;0;ОБЩЕСТВО С ОГРАНИЧЕННОЙ ОТВЕТСТВЕННОСТЬЮ ИЗДАТЕЛЬСКОПОЛИГРАФИЧЕСКИЙ ЦЕНТР КАРО;7806052215;1;0
2612804643;1;48;48;0;ОБЩЕСТВО С ОГРАНИЧЕННОЙ ОТВЕТСТВЕННОСТЬЮ СПЭМ;7729461370;1;0
2612804645;1;46;46;0;ОБЩЕСТВО С ОГРАНИЧЕННОЙ ОТВЕТСТВЕННОСТЬЮ СВГА;9715204680;1;0
2612804646;1;39;39;0;НОЧУ ДПО ЦПК «Учебный центр «ИнфоТеКС»;7714400751;0;0
2612804647;1;36;36;0;ОБЩЕСТВО С ОГРАНИЧЕННОЙ ОТВЕТСТВЕННОСТЬЮ БАСВЕЙ;7719728842;1;0
2612804649;1;15;15;0;ОБЩЕСТВО С ОГРАНИЧЕННОЙ ОТВЕТСТВЕННОСТЬЮ ПРОФЛИЗИНГ;5018145253;1;0
2612804655;1;56;56;0;ОБЩЕСТВО С ОГРАНИЧЕННОЙ ОТВЕТСТВЕННОСТЬЮ КОМПАНИЯ ЛАЙТ ВИКТОРИЯ;7733656396;1;0
2612804659;1;41;41;0;ОБЩЕСТВО С ОГРАНИЧЕННОЙ ОТВЕТСТВЕННОСТЬЮ ИПС ДЕВЕЛОПМЕНТ;7708524332;1;0
2612804662;1;62;59;3;ОБЩЕСТВО С ОГРАНИЧЕННОЙ ОТВЕТСТВЕННОСТЬЮ СТУДИЯ ИРИКО;7716878800;1;0
2612804663;1;15;15;0;ОБЩЕСТВО С ОГРАНИЧЕННОЙ ОТВЕТСТВЕННОСТЬЮ ЦЕНТР НЕЗАВИСИМОЙ ОЦЕНКИ ПОЖАРНОГО РИСКА;7719427933;1;0
2612804667;1;53;53;0;ОБЩЕСТВО С ОГРАНИЧЕННОЙ ОТВЕТСТВЕННОСТЬЮ АЙ ТИ ФУТУРО;7720428201;1;0
2612804669;1;6;6;0;ОБЩЕСТВО С ОГРАНИЧЕННОЙ ОТВЕТСТВЕННОСТЬЮ БАТУТАРЕНА;7839095630;0;0
2612804672;1;66;63;3;ОБЩЕСТВО С ОГРАНИЧЕННОЙ ОТВЕТСТВЕННОСТЬЮ ГАЙЯ;7728709701;1;0
2612804673;1;32;32;0;ОБЩЕСТВО С ОГРАНИЧЕННОЙ ОТВЕТСТВЕННОСТЬЮ МЕДРЕСУРС;7717663847;1;0
2612804675;1;69;66;3;ОБЩЕСТВО С ОГРАНИЧЕННОЙ ОТВЕТСТВЕННОСТЬЮ ТЕХНОСИСТЕМА;7704405704;1;0
2612804680;1;31;31;0;Общество с ограниченной ответственностью СПЕЦСЕРВИС;5038117462;1;0
2612804687;1;34;34;0;ОБЩЕСТВО С ОГРАНИЧЕННОЙ ОТВЕТСТВЕННОСТЬЮ ТИТАНМАРИНЕМОТОРС;9705000327;0;0
2612804689;1;26;26;0;Общество с ограниченной ответственностью ИнжТехДирект;7716586124;1;0
2612804690;1;45;45;0;ОБЩЕСТВО С ОГРАНИЧЕННОЙ ОТВЕТСТВЕННОСТЬЮ КОМПАНИЯ ПРОМЦВЕТМЕТ;411110200;0;0
2612804693;1;52;52;0;ОБЩЕСТВО С ОГРАНИЧЕННОЙ ОТВЕТСТВЕННОСТЬЮ УНИВЕРСАЛ АКУСТИКС;7705222478;1;0
2612804698;1;37;37;0;ОБЩЕСТВО С ОГРАНИЧЕННОЙ ОТВЕТСТВЕННОСТЬЮ ПАСИФИК;7718857690;0;0
2612804699;1;1;1;0;Общество с ограниченной ответственностью Группа Компаний ТЕНДЕР;6671087064;0;0
2612804700;1;66;63;3;ОБЩЕСТВО С ОГРАНИЧЕННОЙ ОТВЕТСТВЕННОСТЬЮ СТРОЙПАРТНЕР;7713718291;1;0
2612804701;1;51;51;0;Общество с ограниченной ответственностью «Дрон Дром»;7814691279;0;0
2612804705;1;56;56;0;ОБЩЕСТВО С ОГРАНИЧЕННОЙ ОТВЕТСТВЕННОСТЬЮ РТМЕБЕЛЬ;7604314651;1;0
2612804708;1;23;23;0;ФЕДЕРАЛЬНОЕ ГОСУДАРСТВЕННОЕ БЮДЖЕТНОЕ УЧРЕЖДЕНИЕ КЛИНИЧЕСКАЯ БОЛЬНИЦА УПРАВЛЕНИЯ ДЕЛАМИ ПРЕЗИДЕНТА РОССИЙСКОЙ ФЕДЕРАЦИИ;7718083969;0;1
2612804709;1;69;66;3;общество с ограниченной ответственностью ГРУППА КОМПАНИЙ КСВ;9717018336;0;0
2612804711;1;27;27;0;ОБЩЕСТВО С ОГРАНИЧЕННОЙ ОТВЕТСТВЕННОСТЬЮ СОЮЗ;7816534680;0;0
2612804713;1;70;67;3;ОБЩЕСТВО С ОГРАНИЧЕННОЙ ОТВЕТСТВЕННОСТЬЮ ЦЕНТР ПРОЕКТНЫХ ТЕХНОЛОГИЙ ВЕГА;9701037799;1;0
2612804715;1;15;15;0;ОБЩЕСТВО С ОГРАНИЧЕННОЙ ОТВЕТСТВЕННОСТЬЮ ИНТЕГРАЛКЛИМАТ;8617035093;1;0
2612804717;1;8;8;0;Общество с ограниченной ответственностью Бриз;9709007612;1;0
2612804719;1;17;17;0;ОБЩЕСТВО С ОГРАНИЧЕННОЙ ОТВЕТСТВЕННОСТЬЮ ЭЛИНОР СПБ;7806530800;1;0
2612804721;1;12;12;0;Общество с ограниченной ответственностью УРАЛПЛИТ;6679025768;0;0
2612804725;1;44;44;0;ОБЩЕСТВО С ОГРАНИЧЕННОЙ ОТВЕТСТВЕННОСТЬЮ СТРОЙ ИНЖИНИРИНГ;5047169450;1;0
2612804727;1;24;24;0;ОБЩЕСТВО С ОГРАНИЧЕННОЙ ОТВЕТСТВЕННОСТЬЮ РЕМТЕХМОНТАЖ;7716815494;0;0
2612804730;1;66;63;3;ОБЩЕСТВО С ОГРАНИЧЕННОЙ ОТВЕТСТВЕННОСТЬЮ ПТИЧКА ПРИНТ;7709893702;1;0
2612804732;1;29;29;0;ОБЩЕСТВО С ОГРАНИЧЕННОЙ ОТВЕТСТВЕННОСТЬЮ ВЕРТИКАЛЬ;7701681657;1;0
2612804733;1;46;46;0;Общество с ограниченной ответственностью ИПЦ Профкабинет;7606115771;0;0
2612804735;1;13;13;0;ОБЩЕСТВО С ОГРАНИЧЕННОЙ ОТВЕТСТВЕННОСТЬЮ ФОРМУЛА ПРАВА;7725662685;1;0
2612804736;1;38;38;0;ОБЩЕСТВО С ОГРАНИЧЕННОЙ ОТВЕТСТВЕННОСТЬЮ МУЗТЕХНИКА;3662174011;1;0
2612804738;1;52;52;0;ОБЩЕСТВО С ОГРАНИЧЕННОЙ ОТВЕТСТВЕННОСТЬЮ ДОРСТРОЙРЕГИОН;7106532350;1;0
2612804739;1;49;49;0;ОБЩЕСТВО С ОГРАНИЧЕННОЙ ОТВЕТСТВЕННОСТЬЮ ВЭЙСТТРАНС;5004026288;1;0
2612804740;1;65;61;3;ОБЩЕСТВО С ОГРАНИЧЕННОЙ ОТВЕТСТВЕННОСТЬЮ АНОДК;7733296513;1;0
2612804741;1;52;52;0;ОБЩЕСТВО С ОГРАНИЧЕННОЙ ОТВЕТСТВЕННОСТЬЮ КОСМОТЕХ;7727099203;1;0
2612804743;1;21;21;0;ОБЩЕСТВО С ОГРАНИЧЕННОЙ ОТВЕТСТВЕННОСТЬЮ ОБЪЕДИНЕННЫЕ ЭНЕРГЕТИЧЕСКИЕ МОЩНОСТИ;5024176588;1;0
2612804744;1;62;59;3;ООО ПРОФПОЛИМЕРПАК;7715486399;1;0
2612804746;1;35;35;0;ОБЩЕСТВО С ОГРАНИЧЕННОЙ СОБСТВЕННОСТЬЮ ЯБЛОКО;3525398972;1;0
2612804748;1;67;64;3;Общество с ограниченной ответственностью КОФФОК;9705071328;0;0
2612804749;1;25;25;0;ОБЩЕСТВО С ОГРАНИЧЕННОЙ ОТВЕТСТВЕННОСТЬЮ РАЭКСАНАЛИТИКА;7706429041;1;0
2612804754;1;33;33;0;Общество с ограниченной ответственностью РАШР;7708124239;0;0
2612804756;1;48;48;0;ОБЩЕСТВО С ОГРАНИЧЕННОЙ ОТВЕТСТВЕННОСТЬЮ МЕДАВТОМАТИЗАЦИЯ;7714800982;1;0
2612804759;1;18;18;0;ОБЩЕСТВО С ОГРАНИЧЕННОЙ ОТВЕТСТВЕННОСТЬЮ БИЮНИТ;7814717181;1;0
2612804760;1;44;44;0;ОБЩЕСТВО С ОГРАНИЧЕННОЙ ОТВЕТСТВЕННОСТЬЮ УДАЧНЫЙ;7751141054;1;0
2612804765;1;56;56;0;ОБЩЕСТВО С ОГРАНИЧЕННОЙ ОТВЕТСТВЕННОСТЬЮ КУЛЬТУРНЫЙ САД;9717009853;1;0
2612804769;1;10;10;0;ОБЩЕСТВО С ОГРАНИЧЕННОЙ ОТВЕТСТВЕННОСТЬЮ УК БИФОРИУМ ГРУПП;7713411510;1;0
2612804772;1;57;57;0;ОБЩЕСТВО С ОГРАНИЧЕННОЙ ОТВЕТСТВЕННОСТЬЮ ЭНЕРГИЯ И ЗДОРОВЬЕ;7705552941;1;0
2612804773;1;49;49;0;ОБЩЕСТВО С ОГРАНИЧЕННОЙ ОТВЕТСТВЕННОСТЬЮ БЬЮТЕК ЛИДЕР ГРУПП;7811571625;1;0
2612804776;1;54;54;0;ОБЩЕСТВО С ОГРАНИЧЕННОЙ ОТВЕТСТВЕННОСТЬЮ СОРКРИС;7735052495;1;0
2612804777;1;19;19;0;ОБЩЕСТВО С ОГРАНИЧЕННОЙ ОТВЕТСТВЕННОСТЬЮ ЭКВУС;7724439902;1;0
2612804780;1;10;10;0;РЯЗАНСКОЕ ГОРОДСКОЕ ОТДЕЛЕНИЕ ОБЩЕРОССИЙСКОЙ ОБЩЕСТВЕННОЙ ОРГАНИЗАЦИИ ВСЕРОССИЙСКОЕ ДОБРОВОЛЬНОЕ ПОЖАРНОЕ ОБЩЕСТВО;6234088234;0;0
2612804782;1;14;14;0;ОБЩЕСТВО С ОГРАНИЧЕННОЙ ОТВЕТСТВЕННОСТЬЮ ИНЖЕНЕРНАЯ КОМПАНИЯ ВЕКТОР ВГ;7722715314;1;0
2612804784;1;21;21;0;ОБЩЕСТВО С ОГРАНИЧЕННОЙ ОТВЕТСТВЕННОСТЬЮ МЕДИЦИНСКИЙ ЦЕНТР ГИМЕД;5032273352;1;0
2612804786;1;60;57;3;ОБЩЕСТВО С ОГРАНИЧЕННОЙ ОТВЕТСТВЕННОСТЬЮ РЕКЛАМАТЕСТ;7703431934;1;0
2612804794;1;24;24;0;ФЕДЕРАЛЬНОЕ КАЗЕННОЕ УЧРЕЖДЕНИЕ РОССИЙСКИЙ ГОСУДАРСТВЕННЫЙ АРХИВ КИНОФОТОДОКУМЕНТОВ;5024001002;0;1
2612804795;1;25;25;0;Обособленное подразделение Московского государственного университета имени М.В. Ломоносова Комбинат питания МГУ;7729082090;0;1
2612804797;1;62;59;3;ОБЩЕСТВО С ОГРАНИЧЕННОЙ ОТВЕТСТВЕННОСТЬЮ ДАБЛ КОММЕРЦ;9715292904;0;0
2612804800;1;53;53;0;ОБЩЕСТВО С ОГРАНИЧЕННОЙ ОТВЕТСТВЕННОСТЬЮ АГЕНТСТВО НЕЗАВИСИМЫХ ЭКСПЕРТИЗ ГРАНД ИСТЕЙТ;6315661622;1;0
2612804803;1;66;63;3;ОБЩЕСТВО С ОГРАНИЧЕННОЙ ОТВЕТСТВЕННОСТЬЮ ЕС МЕДИА;7719476017;1;0
2612804804;1;13;13;0;ОБЩЕСТВО С ОГРАНИЧЕННОЙ ОТВЕТСТВЕННОСТЬЮ МСАНАЛИТИКАСЕРВИС;7729670750;0;0
2612804806;1;28;28;0;ОБЩЕСТВО С ОГРАНИЧЕННОЙ ОТВЕТСТВЕННОСТЬЮ АРМАКОН;7730633009;0;0
2612804807;1;57;57;0;ОБЩЕСТВО С ОГРАНИЧЕННОЙ ОТВЕТСТВЕННОСТЬЮ МАКСМЕДИКАЛ;5050122282;1;0
2612804808;1;41;41;0;ОБЩЕСТВО С ОГРАНИЧЕННОЙ ОТВЕТСТВЕННОСТЬЮ СТРОЙРЕМПОЛ;7733319464;1;0
2612804810;1;39;39;0;ОБЩЕСТВО С ОГРАНИЧЕННОЙ ОТВЕТСТВЕННОСТЬЮ НКМ;7708824897;1;0
2612804812;1;30;30;0;ОБЩЕСТВО С ОГРАНИЧЕННОЙ ОТВЕТСТВЕННОСТЬЮ МЕЖРЕГИОНАЛЬНАЯ СТРОИТЕЛЬНОТЕХНИЧЕСКАЯ ЭКСПЕРТИЗА И ОБСЛЕДОВАНИЕ;7720410451;0;0
2612804815;1;55;55;0;ООО ЭКСПРЕССЭЛЕКТРОХОЛДИНГ;7720307013;1;0
2612804816;1;33;33;0;ОБЩЕСТВО С ОГРАНИЧЕННОЙ ОТВЕТСТВЕННОСТЬЮ ПРОТОН ПЛЮС;6950036341;1;0
2612804817;1;47;47;0;Общество с ограниченной ответственностью ВЕРЕВ;6311161393;0;0
2612804819;1;3;3;0;ОБЩЕСТВО С ОГРАНИЧЕННОЙ ОТВЕТСТВЕННОСТЬЮ КРАФТ;7713761025;1;0
2612804820;1;48;48;0;Общество с ограниченной ответственностью СИСТЕМЫ;7726330266;1;0
2612804823;1;68;65;3;ОБЩЕСТВО С ОГРАНИЧЕННОЙ ОТВЕТСТВЕННОСТЬЮ ЗАЩИТНЫЕ ПРОЕКТЫ;7733583081;1;0
2612804824;1;22;22;0;Общество с ограниченной ответственностью «ИНТЕРПОЛИГРАФ»;7724891266;1;0
2612804825;1;58;55;3;Общества с ограниченной ответственностью ЧИСТОДРОМ;7813296847;1;0
2612804827;1;49;49;0;ОБЩЕСТВО С ОГРАНИЧЕННОЙ ОТВЕТСТВЕННОСТЬЮ АВЕ СЕРВИС;5040071695;1;0
2612804829;1;30;30;0;ОБЩЕСТВО С ОГРАНИЧЕННОЙ ОТВЕТСТВЕННОСТЬЮ ПРОИЗВОДСТВЕННО ТЕХНИЧЕСКИЙ ЦЕНТР РИОКОР;7703368190;1;0
2612804830;1;58;55;3;ОБЩЕСТВО С ОГРАНИЧЕННОЙ ОТВЕТСТВЕННОСТЬЮ СВЕТ ЭК;7743503007;1;0
2612804835;1;15;15;0;Общество с ограниченной ответственностью ТАСКТ;7709654648;1;0
2612804836;1;53;53;0;ОБЩЕСТВО С ОГРАНИЧЕННОЙ ОТВЕТСТВЕННОСТЬЮ ЕДИНАЯ СЕРВИСНАЯ КОМПАНИЯ;7726433575;1;0
2612804837;1;11;11;0;ОБЩЕСТВО С ОГРАНИЧЕННОЙ ОТВЕТСТВЕННОСТЬЮ ЕВРООТЕЛЬ;7726675133;1;0
2612804838;1;2;1;1;ОБЩЕСТВО С ОГРАНИЧЕННОЙ ОТВЕТСТВЕННОСТЬЮ КОМПЛЕКСНЫЕ ПОСТАВКИ;7726437435;1;0
2612804839;1;64;61;3;ООО ДЕАНТА ГРУПП;9718048566;1;0
2612804840;1;26;26;0;ОБЩЕСТВО С ОГРАНИЧЕННОЙ ОТВЕТСТВЕННОСТЬЮ ОРКЕСТР ВРЕМЕНА ГОДА;7728273609;1;0
2612804850;1;12;12;0;Общество с ограниченной ответственностью СТРОИТЕЛЬНОМОНТАЖНОЕ УПРАВЛЕНИЕ №3;7721845416;0;0
2612804853;1;14;14;0;ООО Дистрибуторская компания Графитек;7702668962;0;0
2612804854;1;35;35;0;АКЦИОНЕРНОЕ ОБЩЕСТВО ЦВЕТМЕТЭНЕРГО;7736052120;0;0
2612804855;1;35;35;0;АКЦИОНЕРНОЕ ОБЩЕСТВО СТ-АВТО;2263020184;0;0
2612804858;1;52;52;0;ОБЩЕСТВО С ОГРАНИЧЕННОЙ ОТВЕТСТВЕННОСТЬЮ ЕЭНЕРГИЯ;7731292231;1;0
2612804861;1;46;46;0;Общество с ограниченной ответственностью «ХолодТехСнабжение»;7734675360;1;0
2612804863;1;9;9;0;ОБЩЕСТВО С ОГРАНИЧЕННОЙ ОТВЕТСТВЕННОСТЬЮ МАСТЕРА;9710066034;0;0
2612804864;1;51;51;0;Автономная некоммерческая организация центр фигурного катания ЛЕДО;7720500610;0;0
2612804866;1;39;39;0;Общество с ограниченной ответственностью МГРУПП;3810331060;1;0
2612804867;1;52;52;0;Общество с ограниченной ответственностью «СГК «ИМПЕРИАЛ»;7719406676;1;0
2612804868;1;65;61;3;ОБЩЕСТВО С ОГРАНИЧЕННОЙ ОТВЕТСТВЕННОСТЬЮ БИОТЕХНОТРОНИК;7804609483;1;0
2612804869;1;13;13;0;Общество с ограниченной ответственностью ИЗДАТЕЛЬСТВО СОГЛАСИЕ;7704587620;1;0
2612804870;1;9;9;0;ОБЩЕСТВО С ОГРАНИЧЕННОЙ ОТВЕТСТВЕННОСТЬЮ РОСТСТРОЙИНВЕСТ;7104071048;1;0
2612804875;1;49;49;0;ОБЩЕСТВО С ОГРАНИЧЕННОЙ ОТВЕТСТВЕННОСТЬЮ ФОРС МЕДИКАЛ;7704634461;1;0
2612804876;1;41;41;0;Некоммерческое партнерство Спортивный Центр АкваТонус;7734249587;0;0
2612804877;1;5;5;0;ОБЩЕСТВО С ОГРАНИЧЕННОЙ ОТВЕТСТВЕННОСТЬЮ ГОРОД99;7743219532;1;0
2612804878;1;55;55;0;ОБЩЕСТВО С ОГРАНИЧЕННОЙ ОТВЕТСТВЕННОСТЬЮ СРЕДНЕВОЛЖСКАЯ БУМАЖНАЯ КОМПАНИЯ;6317091449;0;0
2612804879;1;36;36;0;ОБЩЕСТВО С ОГРАНИЧЕННОЙ ОТВЕТСТВЕННОСТЬЮ ЭКОТЕХГРУПП;5003129467;1;0
2612804882;1;69;66;3;ОБЩЕСТВО С ОГРАНИЧЕННОЙ ОТВЕТСТВЕННОСТЬЮ ФАЕРТАГ;9701031275;1;0
2612804883;1;70;67;3;Общество с ограниченной ответственностью Система;7726430045;1;0
2612804886;1;29;29;0;ОБЩЕСТВО С ОГРАНИЧЕННОЙ ОТВЕТСТВЕННОСТЬЮ ПРОМЭНЕРГОСТРОЙМОНТАЖ;5036137865;1;0
2612804887;1;53;53;0;ОБЩЕСТВО С ОГРАНИЧЕННОЙ ОТВЕТСТВЕННОСТЬЮ ГЕЛЕОСТАР;7743874629;1;0
2612804888;1;49;49;0;ОБЩЕСТВО С ОГРАНИЧЕННОЙ ОТВЕТСТВЕННОСТЬЮ СТРОЙ СЕРВИС;9701107855;1;0
2612804889;1;61;58;3;ОБЩЕСТВО С ОГРАНИЧЕННОЙ ОТВЕТСТВЕННОСТЬЮ БОНА ДИСТРИБЬЮШН;6315014865;1;0
2612804892;1;24;24;0;Общество с ограниченной ответственностью ТЕХНОМИКС;7707416077;0;0
2612804893;1;33;33;0;ОБЩЕСТВО С ОГРАНИЧЕННОЙ ОТВЕТСТВЕННОСТЬЮ ИНТЕХПЛАСТ;6165086113;1;0
2612804895;1;31;31;0;АКЦИОНЕРНОЕ ОБЩЕСТВО «АЛЬФА-БАНК»;7728168971;0;0
2612804899;1;58;55;3;ОБЩЕСТВО С ОГРАНИЧЕННОЙ ОТВЕТСТВЕННОСТЬЮ КРИСТАЛЛ;7731481976;1;0
2612804900;1;8;8;0;Общество с ограниченной ответственностью Прайд;7707661953;0;0
2612804906;1;33;33;0;ОБЩЕСТВО С ОГРАНИЧЕННОЙ ОТВЕТСТВЕННОСТЬЮ СЕДЬМАЯ СИСТЕМА;6658307987;1;0
2612804907;1;67;64;3;ОБЩЕСТВО С ОГРАНИЧЕННОЙ ОТВЕТСТВЕННОСТЬЮ ВИКТОРИЯ;5406581299;0;0
2612804908;1;5;4;1;ОБЩЕСТВО С ОГРАНИЧЕННОЙ ОТВЕТСТВЕННОСТЬЮ КОРПОРАЦИЯ ТЕЛЕВИК ИНЖИНИРИНГ;7717756851;1;0
2612804911;1;70;67;3;ОБЩЕСТВО С ОГРАНИЧЕННОЙ ОТВЕТСТВЕННОСТЬЮ АУДИТ И БАЛАНС;7716870738;1;0
2612804912;1;57;57;0;ОБЩЕСТВО С ОГРАНИЧЕННОЙ ОТВЕТСТВЕННОСТЬЮ НОБИЛИС;7726702524;1;0
2612804913;1;43;43;0;ОБЩЕСТВО С ОГРАНИЧЕННОЙ ОТВЕТСТВЕННОСТЬЮ ПРОФЕССИОНАЛЬНАЯ ДЕЗИНФЕКЦИОННАЯ КОМПАНИЯ АВРОРА;7724859640;1;0
2612804915;1;14;14;0;ОБЩЕСТВО С ОГРАНИЧЕННОЙ ОТВЕТСТВЕННОСТЬЮ ТИК ГЛОРИЯ;7706164331;1;0
2612804917;1;27;27;0;ООО ГК АРЕНА;7728383658;1;0
2612804918;1;26;26;0;ОБЩЕСТВО С ОГРАНИЧЕННОЙ ОТВЕТСТВЕННОСТЬЮ ВИТАМИНФАРМ;2626804403;1;0
2612804920;1;31;31;0;ОБЩЕСТВО С ОГРАНИЧЕННОЙ ОТВЕТСТВЕННОСТЬЮ ПРОАЛЬПИН;7734642910;1;0
2612804921;1;55;55;0;ОБЩЕСТВО С ОГРАНИЧЕННОЙ ОТВЕТСТВЕННОСТЬЮ АТО;9731007449;0;0
2612804922;1;1;1;0;ОБЩЕСТВО С ОГРАНИЧЕННОЙ ОТВЕТСТВЕННОСТЬЮ ОКТАН ЭНЕРГО;7728368667;1;0
2612804923;1;35;35;0;ОБЩЕСТВО С ОГРАНИЧЕННОЙ ОТВЕТСТВЕННОСТЬЮ ЭМБИ ТЕКСИСТЕМ;7725189846;1;0
2612804927;1;56;56;0;ОБЩЕСТВО С ОГРАНИЧЕННОЙ ОТВЕТСТВЕННОСТЬЮ ЭЛЬФ-КОМП;7839494459;1;0
2612804929;1;59;56;3;ОБЩЕСТВО С ОГРАНИЧЕННОЙ ОТВЕТСТВЕННОСТЬЮ ФАРМАЛЬЯНС;7725290162;1;0
2612804930;1;7;7;0;ОБЩЕСТВО С ОГРАНИЧЕННОЙ ОТВЕТСТВЕННОСТЬЮ ЧАСТНОЕ ОХРАННОЕ ПРЕДПРИЯТИЕ ГРАФ2;5032245901;1;0
2612804931;1;38;38;0;ОБЩЕСТВО С ОГРАНИЧЕННОЙ ОТВЕТСТВЕННОСТЬЮ БРОНЬСЕРВИС;7726429579;1;0
2612804932;1;66;63;3;АКЦИОНЕРНОЕ ОБЩЕСТВО РГРЕМСЕРВИС;5027070220;1;0
2612804936;1;32;32;0;ОБЩЕСТВО С ОГРАНИЧЕННОЙ ОТВЕТСТВЕННОСТЬЮ ЛАБОРАТОРНЫЕ СОВРЕМЕННЫЕ РЕШЕНИЯ;7820046277;1;0
2612804943;1;8;8;0;ОБЩЕСТВО С ОГРАНИЧЕННОЙ ОТВЕТСТВЕННОСТЬЮ МОНТАЖ И СЕРВИС;7726760170;1;0
2612804946;1;34;34;0;ОБЩЕСТВО С ОГРАНИЧЕННОЙ ОТВЕТСТВЕННОСТЬЮ ДЕЛЬТА ТРАСТ СЕРВИС;7725290638;1;0
2612804947;1;12;12;0;ОБЩЕСТВО С ОГРАНИЧЕННОЙ ОТВЕТСТВЕННОСТЬЮ АВТОДВОР;1633007693;0;0
2612804952;1;17;17;0;ОБЩЕСТВО С ОГРАНИЧЕННОЙ ОТВЕТСТВЕННОСТЬЮ ГОРТОРГТРАНС;7724779874;1;0
2612804955;1;50;50;0;ОБЩЕСТВО С ОГРАНИЧЕННОЙ ОТВЕТСТВЕННОСТЬЮ МАК;7729419233;1;0
2612804957;1;39;39;0;Общество с ограниченной ответственностью Компания РитМед;9715292654;0;0
2612804958;1;63;60;3;ОБЩЕСТВО С ОГРАНИЧЕННОЙ ОТВЕТСТВЕННОСТЬЮ ЛИРА;7725342452;1;0
2612804959;1;22;22;0;ОБЩЕСТВО С ОГРАНИЧЕННОЙ ОТВЕТСТВЕННОСТЬЮ МАСТЕРКОРТ;5032263883;1;0
2612804960;1;28;28;0;Общество с ограниченной ответственностью БиотехЦ;5003033035;1;0
2612804962;1;26;26;0;ОБЩЕСТВО С ОГРАНИЧЕННОЙ ОТВЕТСТВЕННОСТЬЮ СПОРТИВНОЕ ОСНАЩЕНИЕ;9723035925;1;0
2612804964;1;28;28;0;ОБЩЕСТВО С ОГРАНИЧЕННОЙ ОТВЕТСТВЕННОСТЬЮ ВЕЛЬСУНГ;7722461395;1;0
2612804965;1;46;46;0;ОБЩЕСТВО С ОГРАНИЧЕННОЙ ОТВЕТСТВЕННОСТЬЮ ФАРМПОТРЕБСОЮЗ;5043057875;1;0
2612804968;1;39;39;0;ОБЩЕСТВО С ОГРАНИЧЕННОЙ ОТВЕТСТВЕННОСТЬЮ СМАРТ АРХИТЕКТС;7814509400;1;0
2612804969;1;54;54;0;Общество с ограниченной ответственностью ПЕРСПЕКТИВА;7735141836;1;0
2612804970;1;45;45;0;ОБЩЕСТВО С ОГРАНИЧЕННОЙ ОТВЕТСТВЕННОСТЬЮ ЕРБАБИЗНЕС ГРУПП;7735176035;0;0
2612804972;1;25;25;0;Общество с ограниченной ответственностью Аристократ;2304058535;0;0
2612804973;1;49;49;0;ОБЩЕСТВО С ОГРАНИЧЕННОЙ ОТВЕТСТВЕННСТЬЮ СТДК;7706753739;1;0
2612804974;1;60;57;3;ООО КОНКОРД;7801492452;1;0
2612804975;1;37;37;0;Общество с ограниченной ответственностью АТЛАС-ОМНИКОММ;6829082888;1;0
2612804977;1;49;49;0;ОБЩЕСТВО С ОГРАНИЧЕННОЙ ОТВЕТСТВЕННОСТЬЮ ПОЖМОНТАЖ;7718960546;1;0
2612804979;1;26;26;0;Общество с ограниченной ответственностью «Радуга»;7743147800;0;0
2612804982;1;3;3;0;Общество с ограниченной ответственностью ЦТО Атланта;7723921180;1;0
2612804983;1;31;31;0;ОБЩЕСТВО С ОГРАНИЧЕННОЙ ОТВЕТСТВЕННОСТЬЮ АЛГРУС;7707390206;0;0
2612804984;1;56;56;0;Общество с ограниченной ответственностью «Инженерный центр «ЭНЕРГОАУДИТКОНТОЛЬ»;7733157421;0;0
2612804985;1;9;9;0;ОБЩЕСТВО С ОГРАНИЧЕННОЙ ОТВЕТСТВЕННОСТЬЮ РЕГИОНКОМПЛЕКТ;7709938569;1;0
2612804986;1;34;34;0;ОБЩЕСТВО С ОГРАНИЧЕННОЙ ОТВЕТСТВЕННОСТЬЮ ЦНТД КОДЕКС ЛЮКС;7726588681;1;0
2612804989;1;29;29;0;ООО СТРОЙ24;7707331458;1;0
2612804991;1;7;7;0;ОБЩЕСТВО С ОГРАНИЧЕННОЙ ОТВЕТСТВЕННОСТЬЮ ТАУНЭНЕРГО;7735605252;1;0
2612804992;1;49;49;0;ОБЩЕСТВО С ОГРАНИЧЕННОЙ ОТВЕТСТВЕННОСТЬЮ ИМВРЕСУРСЫ;7709957963;0;0
2612804993;1;10;10;0;ОБЩЕСТВО С ОГРАНИЧЕННОЙ ОТВЕТСТВЕННОСТЬЮ КАРНАВАЛМАСКАРАД;7709936868;1;0
2612804994;1;40;40;0;ОБЩЕСТВО С ОГРАНИЧЕННОЙ ОТВЕТСТВЕННОСТЬЮ КВ СПОРТ;2130183020;1;0
2612804997;1;49;49;0;ОБЩЕСТВО С ОГРАНИЧЕННОЙ ОТВЕТСТВЕННОСТЬЮ ГЕОИНВЕСТ;7707336632;1;0
2612804998;1;63;60;3;ООО «ДБУ»;7728422498;1;0
2612804999;1;33;33;0;ОБЩЕСТВО С ОГРАНИЧЕННОЙ ОТВЕТСТВЕННОСТЬЮ ФВД;7731343246;1;0
2612805001;1;42;42;0;Общество с ограниченной ответственностью ЭМИЛИНК ГРУПП;5027240464;0;0
2612805002;1;18;18;0;"ОБЩЕСТВО С ОГРАНИЧЕННОЙ
ОТВЕТСТВЕННОСТЬЮ МК ПРОДЖЕКТ";7726361049;1;0
2612805003;1;26;26;0;ООО Сиб Технолоджис;5408262185;0;0
2612805004;1;5;4;1;ОБЩЕСТВО С ОГРАНИЧЕННОЙ ОТВЕТСТВЕННОСТЬЮ ТЕХСОЛ;7725816938;1;0
2612805005;1;38;38;0;ОБЩЕСТВО С ОГРАНИЧЕННОЙ ОТВЕТСТВЕННОСТЬЮ ВАНИ ДЕВАЙС;7707332807;1;0
2612805006;1;47;47;0;АКЦИОНЕРНОЕ ОБЩЕСТВО ЦЕНТР СПЕЦИАЛЬНОГО ПРОЕКТИРОВАНИЯ И СТРОИТЕЛЬСТВА;7719233208;0;0
2612805007;1;53;53;0;Общество с ограниченной ответственностью «Много книг»;7703680144;1;0
2612805010;1;42;42;0;ООО АС РУС МЕДИА;7716236112;1;0
2612805011;1;4;3;1;ОБЩЕСТВО С ОГРАНИЧЕННОЙ ОТВЕТСТВЕННОСТЬЮ ЛАБОРАТОРНОЕ ОБОРУДОВАНИЕ И МЕБЕЛЬ;7722460881;1;0
2612805014;1;70;67;3;ОБЩЕСТВО С ОГРАНИЧЕННОЙ ОТВЕТСТВЕННОСТЬЮ ФЭНСИ ШОУ;7842151973;1;0
2612805015;1;36;36;0;ОБЩЕСТВО С ОГРАНИЧЕННОЙ ОТВЕТСТВЕННОСТЬЮ ПРОДЮСЕРСКАЯ КОМПАНИЯ МАРТ;7718144481;1;0
2612805016;1;70;67;3;ОБЩЕСТВО С ОГРАНИЧЕННОЙ ОТВЕТСТВЕННОСТЬЮ КОМПЛЕКТСТРОЙ;7701594330;1;0
2612805017;1;40;40;0;ОБЩЕСТВО С ОГРАНИЧЕННОЙ ОТВЕТСТВЕННОСТЬЮ ЮЖНЫЙ ПОРТ;7723412792;0;0
2612805018;1;13;13;0;ОБЩЕСТВО С ОГРАНИЧЕННОЙ ОТВЕТСТВЕННОСТЬЮ ПРОБИЗНЕСТОРГ;4825111929;1;0
2612805019;1;33;33;0;ОБЩЕСТВО С ОГРАНИЧЕННОЙ ОТВЕТСТВЕННОСТЬЮ ИНЖГЕОДРИЛЛИНГ;5038115183;1;0
2612805020;1;32;32;0;Общества с ограниченной ответственностью МОВЭНТ;7721482931;0;0
2612805021;1;69;66;3;ОБЩЕСТВО С ОГРАНИЧЕННОЙ ОТВЕТСТВЕННОСТЬЮ АЛМИ ПАРТНЕР;5260175562;1;0
2612805022;1;57;57;0;ОБЩЕСТВО С ОГРАНИЧЕННОЙ ОТВЕТСТВЕННОСТЬЮ ИННОВАЦИИ, ТЕХНОЛОГИИ И КОНСАЛТИНГ;7727643575;1;0
2612805024;1;54;54;0;ОБЩЕСТВО С ОГРАНИЧЕННОЙ ОТВЕТСТВЕННОСТЬЮ ДЕНВЕР;7729710918;1;0
2612805025;1;18;18;0;Общество с ограниченной ответственностью ОКТАГРАМ;7716678488;1;0
2612805026;1;13;13;0;ОБЩЕСТВО С ОГРАНИЧЕННОЙ ОТВЕТСТВЕННОСТЬЮ СЛП;7727364821;1;0
2612805030;1;34;34;0;ОБЩЕСТВО С ОГРАНИЧЕННОЙ ОТВЕТСТВЕННОСТЬЮ СПЕЦМОНТАЖИНЖИНИРИНГ;7743247882;0;0
2612805031;1;28;28;0;ОБЩЕСТВО С ОГРАНИЧЕННОЙ ОТВЕТСТВЕННОСТЬЮ АКАДЕМИЯ ЭКСПЛУАТАЦИИ ЛТД;7709979526;1;0
2612805032;1;6;6;0;ОБЩЕСТВО С ОГРАНИЧЕННОЙ ОТВЕТСТВЕННОСТЬЮ ВОЛГАРЕСУРС;5043032214;0;0
2612805033;1;67;64;3;ОБЩЕСТВО С ОГРАНИЧЕННОЙ ОТВЕТСТВЕННОСТЬЮ СПЕЧНАЗ;7722365469;1;0
2612805035;1;47;47;0;ОБЩЕСТВО С ОГРАНИЧЕННОЙ ОТВЕТСТВЕННОСТЬЮ СТРОЙ СЕРВИС;7707649410;1;0
2612805038;1;30;30;0;ОБЩЕСТВО С ОГРАНИЧЕННОЙ ОТВЕТСТВЕННОСТЬЮ ДАЙМОНД КЛИН;7721345484;1;0
2612805040;1;19;19;0;АКЦИОНЕРНОЕ ОБЩЕСТВО СОВПЛИМ;7806019137;0;0
2612805042;1;69;66;3;ОБЩЕСТВО С ОГРАНИЧЕННОЙ ОТВЕТСТВЕННОСТЬЮ ВИТА;5263109487;1;0
2612805043;1;30;30;0;ОБЩЕСТВО С ОГРАНИЧЕННОЙ ОТВЕТСТВЕННОСТЬЮ ТЕХСИТИ;7722714399;1;0
2612805044;1;63;60;3;ОБЩЕСТВО С ОГРАНИЧЕННОЙ ОТВЕТСТВЕННОСТЬЮ ФОТЭКС;7717691587;1;0
2612805048;1;65;61;3;ОБЩЕСТВО С ОГРАНИЧЕННОЙ ОТВЕТСТВЕННОСТЬЮ БКР;9717051189;1;0
2612805049;1;47;47;0;ОБЩЕСТВО С ОГРАНИЧЕННОЙ ОТВЕТСТВЕННОСТЬЮ ЛЭДТЕХНОЛОДЖИ;7743256710;1;0
2612805050;1;32;32;0;ОБЩЕСТВО С ОГРАНИЧЕННОЙ ОТВЕТСТВЕННОСТЬЮ КОМПАНИЯ ПРОММАСЛА;7743918241;1;0
2612805054;1;70;67;3;Общества с ограниченной ответственностью АБСДизайн;7722513830;1;0
2612805055;1;18;18;0;Общество с ограниченной ответственностью АДМ ТЕХНОЛОДЖИ;7719827402;0;0
2612805057;1;33;33;0;ОБЩЕСТВО С ОГРАНИЧЕННОЙ ОТВЕТСТВЕННОСТЬЮ МОССТРОЙСИТИ;7727261657;1;0
2612805058;1;69;66;3;ОБЩЕСТВО С ОГРАНИЧЕННОЙ ОТВЕТСТВЕННОСТЬЮ ДИОЛ ГРУПП;2130081325;0;0
2612805059;1;22;22;0;ОБЩЕСТВО С ОГРАНИЧЕННОЙ ОТВЕТСТВЕННОСТЬЮ СТРОИТЕЛЬНАЯ КОМПАНИЯ ГОРИЗОНТ;7723430488;1;0
2612805060;1;39;39;0;ОБЩЕСТВО С ОГРАНИЧЕННОЙ ОТВЕТСТВЕННОСТЬЮ КАМБРОС;5029217559;1;0
2612805061;1;55;55;0;Автономное учреждение Воронежской области Воронежская городская аптека;3665077986;0;0
2612805062;1;61;58;3;ОБЩЕСТВО С ОГРАНИЧЕННОЙ ОТВЕТСТВЕННОСТЬЮ ЭНИФИЛД;7704302586;1;0
2612805063;1;35;35;0;ОБЩЕСТВО С ОГРАНИЧЕННОЙ ОТВЕТСТВЕННОСТЬЮ КЛЕВЕР;9709019150;1;0
2612805064;1;27;27;0;ОБЩЕСТВО С ОГРАНИЧЕННОЙ ОТВЕТСТВЕННОСТЬЮ ДОРСТРОЙСЕРВИЗ;7720337667;1;0
2612805065;1;65;61;3;ОБЩЕСТВО С ОГРАНИЧЕННОЙ ОТВЕТСТВЕННОСТЬЮ КАРГО ПОСТ;5047164807;1;0
2612805066;1;55;55;0;ОБЩЕСТВО С ОГРАНИЧЕННОЙ ОТВЕТСТВЕННОСТЬЮ АГЕТ;5024156920;1;0
2612805071;1;68;65;3;ОБЩЕСТВО С ОГРАНИЧЕННОЙ ОТВЕТСТВЕННОСТЬЮ СЛУЖБА КОМПЛЕКСНОГО СНАБЖЕНИЯ;9729136567;1;0
2612805072;1;3;3;0;ОБЩЕСТВО С ОГРАНИЧЕННОЙ ОТВЕТСТВЕННОСТЬЮ РАДУГА;2310170944;1;0
2612805073;1;28;28;0;ОБЩЕСТВО С ОГРАНИЧЕННОЙ ОТВЕТСТВЕННОСТЬЮ АЛЬФА ТРЕЙД;5047166032;1;0
2612805074;1;50;50;0;ОБЩЕСТВО С ОГРАНИЧЕННОЙ ОТВЕТСТВЕННОСТЬЮ ЛОГИСТИЧЕСКИЙ СЕРВИС;1650276103;1;0
2612805075;1;38;38;0;ОБЩЕСТВО С ОГРАНИЧЕННОЙ ОТВЕТСТВЕННОСТЬЮ ЭСТЕТИКА КОМФОРТА НН;5256073783;1;0
2612805076;1;2;1;1;ОБЩЕСТВО С ОГРАНИЧЕННОЙ ОТВЕТСТВЕННОСТЬЮ ГЛОБАЛСТРОЙГРУПП;7713460162;1;0
2612805078;1;2;1;1;ЗАКРЫТОЕ АКЦИОНЕРНОЕ ОБЩЕСТВО НАУЧНОПРОИЗВОДСТВЕННОЕ ОБЪЕДИНЕНИЕ РЕАГЕНТЫ;7743567466;0;0
2612805079;1;61;58;3;ООО БАЗИС ПЛЮС;5024165096;1;0
2612805080;1;14;14;0;ОБЩЕСТВО С ОГРАНИЧЕННОЙ ОТВЕТСТВЕННОСТЬЮ КОМПАНИЯ ЮЛАЭЛЕКТРО;5018178058;0;0
2612805081;1;62;59;3;Общество с ограниченной ответственностью Дельта;7727825550;0;0
2612805082;1;55;55;0;ОБЩЕСТВО С ОГРАНИЧЕННОЙ ОТВЕТСТВЕННОСТЬЮ ТЗАПЧАСТИ;5029216770;1;0
2612805084;1;9;9;0;ОБЩЕСТВО С ОГРАНИЧЕННОЙ ОТВЕТСТВЕННОСТЬЮ ГК ГЛОБАЛ ПАК;5405982851;1;0
2612805085;1;48;48;0;ОБЩЕСТВО С ОГРАНИЧЕННОЙ ОТВЕТСТВЕННОСТЬЮ САДОВАЯ ТЕХНИКА;7701692480;1;0
2612805086;1;24;24;0;ОБЩЕСТВО С ОГРАНИЧЕННОЙ ОТВЕТСТВЕННОСТЬЮ ДНКОМ;7707768390;1;0
2612805087;1;9;9;0;ОБЩЕСТВО С ОГРАНИЧЕННОЙ ОТВЕТСТВЕННОСТЬЮ ГРАНДМИР;7604286820;1;0
2612805088;1;15;15;0;ОБЩЕСТВО С ОГРАНИЧЕННОЙ ОТВЕТСТВЕННОСТЬЮ ОНЛАЙНКАССА;7725353581;0;0
2612805089;1;29;29;0;ОБЩЕСТВО С ОГРАНИЧЕННОЙ ОТВЕТСТВЕННОСТЬЮ ВИВАМЕД;1659166842;1;0
2612805090;1;21;21;0;Общества с ограниченной ответственностью Научноисследовательский институт цифровой стоматологии и функциональной диагностики;7720763030;1;0
2612805095;1;28;28;0;ОБЩЕСТВО С ОГРАНИЧЕННОЙ ОТВЕТСТВЕННОСТЬЮ САУНД СТОК;7734610531;1;0
2612805096;1;49;49;0;ОБЩЕСТВО С ОГРАНИЧЕННОЙ ОТВЕТСТВЕННОСТЬЮ ФИРМА СЕЛЕНА;4900002784;1;0
2612805097;1;43;43;0;ООО МТЕХНОЛОГИИ;7723526687;1;0
2612805098;1;61;58;3;Общество с ограниченной ответственностью Тепличный Регион;3525217640;1;0
2612805100;1;15;15;0;ОБЩЕСТВО С ОГРАНИЧЕННОЙ ОТВЕТСТВЕННОСТЬЮ АЛ ИНЖИНИРИНГ;7727819860;1;0
2612805102;1;52;52;0;Общество с ограниченной ответственностью ЭКО КЛИНИНГ;7718306566;1;0
2612805103;1;17;17;0;ОБЩЕСТВО С ОГРАНИЧЕННОЙ ОТВЕТСТВЕННОСТЬЮ ЛИФТ СЕРВИС;7724433467;1;0
2612805104;1;57;57;0;ОБЩЕСТВО С ОГРАНИЧЕННОЙ ОТВЕТСТВЕННОСТЬЮ ФИНАМИНЕМ ГРУПП;7725797629;1;0
2612805107;1;41;41;0;ОБЩЕСТВО С ОГРАНИЧЕННОЙ ОТВЕТСТВЕННОСТЬЮ ФИРМА СИНТАКОН;7811002925;1;0
